{"file":"site\/templates-admin\/default.php","textdomain":"site--templates-admin--default-php","translations":{"453aceb005ceaf54a47da15fee8b2a26":{"text":"Trang"},"ad2376beebecdcf7846ba973fa1a005b":{"text":"Thi\u1ebft l\u1eadp"},"bf17ac149e2e7a530c677e9bd51d3fd2":{"text":"M\u00f4-\u0111un"},"bf733d8a933c1601697f364223fc7ecb":{"text":"Quy\u1ec1n h\u1ea1n"},"e3afed0047b08059d0fada10f400c1e5":{"text":"Trang qu\u1ea3n l\u00fd"},"7d97481b1fe66f4b51db90da7e794d9f":{"text":"H\u1ed3 s\u01a1"},"a7d6475ec8993b7224d6facc8cb0ead6":{"text":"Trang ch\u1ee7"},"4236a440a662cc8253d7536e5aa17942":{"text":"tho\u00e1t kh\u1ecfi h\u1ec7 th\u1ed1ng"},"7df96b18c230f90ada0a9e2307226338":{"text":"M\u1eabu"},"a4ca5edd20d0b5d502ebece575681f58":{"text":"Tr\u01b0\u1eddng"},"0d1b0a33b1c2edcfdbcc4efeddd366ac":{"text":"Qu\u1ea3n l\u00fd m\u00f4-\u0111un"},"3b563524fdb17b4a86590470d40bef74":{"text":"\u0110a ph\u01b0\u01a1ng ti\u1ec7n"},"88c91f49276bd4444ea16db5c629aa85":{"text":"Ch\u1ec9nh s\u1eeda m\u1eabu"},"3a08e2e340ab29fd9263af48193cbf8e":{"text":"Ng\u00f4n ng\u1eef"},"f9aae5fda8d810a29f12d1e61b4ab25f":{"text":"Ng\u01b0\u1eddi d\u00f9ng"},"a5cd3ed116608dac017f14c046ea56bf":{"text":"Vai tr\u00f2"},"d08ccf52b4cdd08e41cfb99ec42e0b29":{"text":"C\u1ea5p ph\u00e9p"},"b78a3223503896721cca1303f776159b":{"text":"Ti\u00eau \u0111\u1ec1"},"643a860f992333b8600ea264aca7c4fc":{"text":"\u0110\u1ecba ch\u1ec9 Email"},"49ee3087348e8d44e1feda1917443987":{"text":"T\u00ean"}}}