{"file":"site\/modules\/ModulesManager\/ModulesManager.module","textdomain":"site--modules--modulesmanager--modulesmanager-module","translations":{"605ea80bb35a7d06e7660ca87ed0efbc":{"text":"C\u1ea5u h\u00ecnh php `allow_url_fopen` \u0111\u00e3 b\u1ecb v\u00f4 hi\u1ec7u tr\u00ean m\u00e1y ch\u1ee7, c\u00e1c m\u00f4-\u0111un kh\u00f4ng th\u1ec3 \u0111\u01b0\u1ee3c t\u1ea3i v\u1ec1 th\u00f4ng qua tr\u00ecnh Qu\u1ea3n l\u00fd m\u00f4-\u0111un. H\u00e3y b\u1eadt thi\u1ebft l\u1eadp \u0111\u00f3 ho\u1eb7c nh\u1edd s\u1ef1 gi\u00fap \u0111\u1ee1 c\u1ee7a qu\u1ea3n tr\u1ecb h\u1ec7 th\u1ed1ng m\u00e1y ch\u1ee7 c\u1ee7a b\u1ea1n."},"21735652666e1205d27e917e1d37596b":{"text":"H\u00e3y ch\u1eafc ch\u1eafn th\u01b0 m\u1ee5c \/site\/assets\/ c\u00f3 th\u1ec3 ghi \u0111\u01b0\u1ee3c."},"efe937dc175eb583a085855d3052e6dd":{"text":"Ki\u1ec3m tra ch\u1eafc ch\u1eafn th\u01b0 m\u1ee5c \/site\/modules c\u00f3 th\u1ec3 ghi \u0111\u01b0\u1ee3c."},"b068931cc450442b63f5b3d276ea4297":{"text":"t\u00ean"},"d47e3575b9794406a4ab0510aa9fa6d6":{"text":"th\u00f4ng tin"},"123fead50246387983ee340507115ef4":{"text":"ph\u00e1t h\u00e0nh"},"2af72f100c356273d46284f6fd1dfc08":{"text":"phi\u00ean b\u1ea3n"},"36f2e06331f50750cbb7c78ce31a1ab7":{"text":"t\u00ean l\u1edbp"},"b0b5ccb4a195a07fd3eed14affb8695f":{"text":"ph\u00e2n m\u1ee5c"},"50f0fa2371fd0f4596d2bf138adb5822":{"text":"t\u00e1c gi\u1ea3"},"9ae73c65f418e6f79ceb4f0e4a4b98d5":{"text":"s\u1eeda \u0111\u1ed5i"},"9acb44549b41563697bb490144ec6258":{"text":"tr\u1ea1ng th\u00e1i"},"418c5509e2171d55b0aee5c2ea4442b5":{"text":"thao t\u00e1c"},"d374f9cd8a49e331e5303e5266781e5b":{"text":"VI\u1ec7c l\u00e0m n\u00e0y s\u1ebd c\u00e0i \u0111\u1eb7t giao di\u1ec7n m\u1edbi v\u00e0 x\u00f3a giao di\u1ec7n c\u0169. N\u1ebfu b\u1ea1n \u0111\u00e3 thay \u0111\u1ed5i giao di\u1ec7n \/site\/templates-admin\/ ho\u1eb7c c\u00f3 giao di\u1ec7n ri\u00eang t\u1ef1 l\u00e0m, b\u1ea1n c\u00f3 th\u1ec3 n\u00ean sao l\u01b0u ch\u00fang tr\u01b0\u1edbc."},"03b62516184fb6ef591f45bd4974b753":{"text":"l\u00e0m m\u1edbi"},"8397208e829246882976e63c49dfb9ff":{"text":"H\u00e3y ch\u1eafc ch\u1eafn th\u01b0 m\u1ee5c assets c\u00f3 th\u1ec3 ghi."},"528da45ca00e8a67978de4dd925ac614":{"text":"H\u00e3y ch\u1eafc ch\u1eafn th\u01b0 m\u1ee5c m\u00f4-\u0111un c\u00f3 th\u1ec3 ghi."},"fe0b9036f4efed3a5dc0ce583b1ed5c1":{"text":"C\u00f3 m\u1ed9t l\u1ed7i n\u00e0o \u0111\u00f3 trong l\u00fac t\u1ea3i m\u00f4-\u0111un ho\u1eb7c ghi m\u00f4-\u0111un."},"2e9e21c2e6af460888cf160891377d24":{"text":"Giao di\u1ec7n ph\u1ea7n qu\u1ea3n l\u00fd '%s' \u0111\u00e3 \u0111\u01b0\u1ee3c t\u1ea3i v\u1ec1 v\u00e0 gi\u1ea3i n\u00e9n th\u00e0nh c\u00f4ng. N\u1ebfu n\u00f3 ho\u1ea1t \u0111\u1ed9ng b\u1ea1n hi\u1ec7n \u0111\u00e3 c\u00f3 th\u1ec3 th\u1ea5y s\u1ef1 thay \u0111\u1ed5i. N\u1ebfu ch\u01b0a, h\u00e3y x\u00f3a cache c\u1ee7a tr\u00ecnh duy\u1ec7t v\u00e0 t\u1ea3i l\u1ea1i trang."},"dd7b217f497babaaa3f2c17084d9d303":{"text":"M\u00f4-\u0111un '%s' \u0111\u00e3 \u0111\u01b0\u1ee3c t\u1ea3i v\u1ec1 v\u00e0 gi\u1ea3i n\u00e9n th\u00e0nh c\u00f4ng. B\u1ea1n c\u00f3 th\u1ec3 c\u00e0i \u0111\u1eb7t n\u00f3 tr\u01b0\u1ee3c ti\u1ebfp t\u1eeb \u0111\u00e2y ho\u1eb7c c\u00e0i \u0111\u1eb7t sau \u0111\u00f3 trong ph\u1ea7n qu\u1ea3n l\u00fd M\u00f4-\u0111un."},"2abe9fe7ce0e63c908468573d868acad":{"text":"c\u00e0i \u0111\u1eb7t m\u00f4-\u0111un"},"fc34174d3294990f1475e23f403995a1":{"text":"tr\u1edf v\u1ec1 Qu\u1ea3n l\u00fd M\u00f4-\u0111un"},"b09e0080e00a600e8d42dce655e37968":{"text":"M\u00f4-\u0111un '%s' \u0111\u00e3 \u0111\u01b0\u1ee3c c\u1eadp nh\u1eadt th\u00e0nh c\u00f4ng. H\u00e3y th\u1eed ki\u1ec3m tra l\u1ea1i m\u1ecdi th\u1ee9 c\u00f3 ho\u1ea1t \u0111\u1ed9ng kh\u00f4ng, ho\u1eb7c c\u00f3 l\u1ef1a ch\u1ecdn n\u00e0o m\u1edbi hay kh\u00f4ng."},"83918aff6ad35229e22a566e7e9059c6":{"text":"c\u00e0i \u0111\u1eb7t"}}}