{"file":"wire\/modules\/Process\/ProcessPageTrash.module","textdomain":"wire--modules--process--processpagetrash-module","translations":{"90e829a463f2e23bdd11a7d8dddabe7e":{"text":"Th\u00f9ng r\u00e1c v\u1eeba \u0111\u01b0\u1ee3c l\u00e0m s\u1ea1ch"},"2f8f6dfb12d1ccfb64a4bc419130dd5a":{"text":"Th\u00f9ng r\u00e1c \u0111ang tr\u1ed1ng"},"b93325ff37316801eaf36f95c25a75e3":{"text":"C\u00e1c trang sau \u0111ang n\u1eb1m trong th\u00f9ng r\u00e1c"},"206c3d86254559ad3cd3b88e8e002113":{"text":"L\u00e0m s\u1ea1ch th\u00f9ng r\u00e1c"},"80a9994143f3ef28a7ba4fd1dd67436a":{"text":"H\u00e3y x\u00e1c nh\u1eadn b\u1ea1n mu\u1ed1n x\u00f3a b\u1ecf c\u00e1c trang trong th\u00f9ng r\u00e1c."},"76c155bf8de0fe17853a8d8c231f72b0":{"text":"Th\u00f9ng r\u00e1c"},"920202a83e840023ebf5ac6e31ccfbf3":{"text":"H\u1ed7 tr\u1ee3 x\u1eed l\u00ed l\u00e0m s\u1ea1ch th\u00f9ng r\u00e1c ch\u1ee9a c\u00e1c trang b\u1ecb x\u00f3a"}}}