{"file":"wire\/modules\/Process\/ProcessPageEdit\/ProcessPageEdit.module","textdomain":"wire--modules--process--processpageedit--processpageedit-module","translations":{"7ba9fe21b073af37b16f989e23112967":{"text":"Kh\u00f4ng r\u00f5 trang n\u00e0y"},"b8e75fd085c6615286cee6fdc4e880ec":{"text":"Trang n\u00e0y \u0111\u00e3 b\u1ecb kh\u00f3a v\u00e0 kh\u00f4ng th\u1ec3 ch\u1ec9nh s\u1eeda"},"386397f000925f7d90c87a913a678eed":{"text":"B\u1ea1n kh\u00f4ng c\u00f3 quy\u1ec1n ch\u1ec9nh s\u1eeda trang n\u00e0y"},"df74a326081d841aef061c999c7979f3":{"text":"S\u1eeda \u0111\u1ed5i: %s"},"c0df350b3d4fe22546834d74cdc77023":{"text":"Trang \u0111\u00e3 xu\u1ea5t b\u1ea3n: %s"},"9ce0bc0d85071636f750e39ea86f86c0":{"text":"Trang \u0111\u00e3 l\u01b0u: %s"},"421318b075c43ddcd5426197f778c43c":{"text":"Kh\u00f4ng th\u1ec3 xu\u1ea5t b\u1ea3n tr\u1eeb khi c\u00e1c l\u1ed7i \u0111\u00e3 \u0111\u01b0\u1ee3c ch\u1ec9nh l\u1ea1i."},"f15c1cae7882448b3fb0404682e17e61":{"text":"N\u1ed9i dung"},"a1c508c8dcf832bde214942a479c63e5":{"text":"Trang n\u00e0y \u0111ang \u1edf trong Th\u00f9ng r\u00e1c"},"2cb4bb1ee54691377c8778a8823eb4dd":{"text":"Trang n\u00e0y \u0111ang \u1edf tr\u1ea1ng th\u00e1i Ch\u01b0a xu\u1ea5t b\u1ea3n"},"404dd23de1c6c7edc7927e5262b93a1b":{"text":"L\u01b0u v\u00e0 gi\u1eef tr\u1ea1ng th\u00e1i Ch\u01b0a xu\u1ea5t b\u1ea3n"},"110a4b01beabd53b661a47d4b44bd7a8":{"text":"Xu\u1ea5t b\u1ea3n"},"c9cc8cce247e49bae79f15173ce97354":{"text":"L\u01b0u"},"64e4aca4297806247f62a7b5f8cbd3df":{"text":"Trang con"},"9b30437c5e1e966fa90525c93356fd3f":{"text":"Trang c\u1ea5p th\u1ee9"},"b5c4bc5ddd4b490f3e2bf5abc0945f1d":{"text":"Hi\u1ec7n t\u1ea1i kh\u00f4ng c\u00f3 trang n\u00e0o kh\u00e1c thu\u1ed9c c\u1ea5p d\u01b0\u1edbi trang n\u00e0y"},"fcdd8c7fe4647ee6186ea45dd69d425d":{"text":"C\u00e1c trang con \u0111\u01b0\u1ee3c s\u1eafp x\u1ebfp theo \"%s\", theo thi\u1ebft l\u1eadp m\u1eabu t\u01b0\u01a1ng \u1ee9ng."},"a13cc55582da47cab1f7cc7518700c6e":{"text":"Th\u00eam trang m\u1edbi t\u1ea1i \u0111\u00e2y"},"7e92f49c92e3f91ed88f03063fc34748":{"text":"T\u00f9y ch\u1ecdn s\u1eafp x\u1ebfp"},"ea1a60a080fc428d2c18d9e6d33ded08":{"text":"N\u1ebfu b\u1ea1n mu\u1ed1n t\u1ea5t c\u1ea3 c\u00e1c trang con hi\u1ec7n t\u1ea1i v\u00e0 s\u1ebd \u0111\u01b0\u1ee3c t\u1ea1o sau n\u00e0y t\u1ef1 \u0111\u1ed9ng s\u1eafp x\u1ebfp theo m\u1ed9t tr\u01b0\u1eddng ch\u1ec9 \u0111\u1ecbnh, h\u00e3y h\u1ecdn tr\u01b0\u1eddng ph\u00f9 h\u1ee3p \u1edf d\u01b0\u1edbi v\u00e0 ch\u1ecdn \u00f4 ch\u1ecdn 'Ng\u01b0\u1ee3c l\u1ea1i' \u0111\u1ec3 s\u1eafp x\u1ebfp t\u1eeb tr\u00ean xu\u1ed1ng. \u0110\u1ec3 tr\u1ed1ng tr\u01b0\u1eddng s\u1eafp x\u1ebfp n\u1ebfu b\u1ea1n mu\u1ed1n s\u1eed d\u1ee5ng g\u1eafp th\u1ea3 \u0111\u1ec3 s\u1eafp x\u1ebfp b\u1eb1ng tay."},"f4f70727dc34561dfde1a3c529b6205c":{"text":"T\u00f9y ch\u1ecdn"},"278c491bdd8a53618c149c4ac790da34":{"text":"M\u1eabu"},"30269022e9d8f51beaabb52e5d0de2b7":{"text":"Trang c\u1ea5p tr\u00ean"},"1ad359c38781f8fc924a380559d60c42":{"text":"\u0110\u01b0\u1ee3c t\u1ea1o b\u1edfi Ng\u01b0\u1eddi d\u00f9ng"},"567d412904b379e49382b6e3b90881ca":{"text":"\u0110\u01b0\u1ee3c t\u1ea1o b\u1edfi %1$s l\u00fac %2$s"},"1dec6a532601f755520b9567091e1bf8":{"text":"\u0110\u01b0\u1ee3c s\u1eeda \u0111\u1ed5i l\u1ea7n cu\u1ed1i b\u1edfi %1$s l\u00fac %2$s"},"4059b0251f66a18cb56f544728796875":{"text":"T\u00f9y ch\u1ecdn: Th\u00f4ng tin ti\u00eau \u0111\u1ec1 tr\u01b0\u1eddng"},"cacab211629daeffac10e13574e49d9e":{"text":"\u1ea8n: \u0110\u01b0\u1ee3c lo\u1ea1i t\u1eeb danh s\u00e1ch v\u00e0 t\u00ecm ki\u1ebfm."},"ab4b835121255016ef73bea7f4ea45a7":{"text":"\u0110\u00e3 kh\u00f3a: Kh\u00f4ng th\u1ec3 ch\u1ec9nh s\u1eeda"},"0fdd10ee950975e58b122abb2de3a49b":{"text":"Ch\u01b0a xu\u1ea5t b\u1ea3n: Kh\u00f4ng hi\u1ec3n th\u1ecb tr\u00ean trang ch\u1ee7"},"ec53a8c4f07baed5d8825072c89799be":{"text":"Tr\u1ea1ng th\u00e1i"},"f2a6c498fb90ee345d997f888fce3b18":{"text":"X\u00f3a"},"aa47bb0913144619a0a9abc59d59d6ed":{"text":"L\u1eadp t\u1ee9c x\u00f3a"},"7a289ea949902e8fa53efb4b3b4ccea0":{"text":"Chuy\u1ec3n v\u00e0o Th\u00f9ng r\u00e1c"},"62a92c8e1a013dc0c9a67f2769642e9f":{"text":"Ch\u1ecdn \u00f4 ch\u1ecdn \u0111\u1ec3 x\u00e1c nh\u1eadn b\u1ea1n mu\u1ed1n th\u1ef1c hi\u1ec7n vi\u1ec7c n\u00e0y."},"6e2e3de95055596f315a073f771342e3":{"text":"Trang n\u00e0y kh\u00f4ng th\u1ec3 b\u1ecb x\u00f3a l\u00fac n\u00e0y."},"4351cfebe4b61d8aa5efa1d020710005":{"text":"Xem"},"d2387a51d9f67d60dfc2cbb23bd04af2":{"text":"Ai c\u00f3 th\u1ec3 truy c\u1eadp trang n\u00e0y?"},"bbbabdbe1b262f75d99d62880b953be1":{"text":"Vai tr\u00f2"},"36c2b914f293a142343cba0f3157d748":{"text":"H\u1ecd c\u00f3 th\u1ec3 th\u1ef1c hi\u1ec7n"},"13944cf77acdf1b9e49f6383c101ae89":{"text":"(t\u1ea5t c\u1ea3 m\u1ecdi ng\u01b0\u1eddi)"},"eec429d33814974270e5ab8a04a3d23e":{"text":"Gi\u1edbi h\u1ea1n truy c\u1eadp thu\u1ed9c m\u1eabu trang n\u00e0y: %s"},"890e4f4dd63b6c580cbf534f25914565":{"text":"Gi\u1edbi h\u1ea1n truy c\u1eadp k\u1ebf th\u1eeba t\u1eeb trang \"%1$s\" v\u00e0 \u0111\u01b0\u1ee3c ch\u1ec9 \u0111\u1ecbnh trong m\u1eabu: %2$s"},"17f8097b4af11ef352554fc7dd416c34":{"text":"M\u1eabu '%s' kh\u00f4ng \u0111\u01b0\u1ee3c ch\u1ea5p nh\u1eadn"},"c4101b17a6f3bb8ffbe40eb9edef2347":{"text":"Kh\u00f4ng th\u1ec3 x\u00f3a trang n\u00e0y"},"827884bd1b673b7e58def7d09bf59b8b":{"text":"\u0110\u00e3 x\u00f3a trang: %s"},"a419fb9d9fe259c36eb1e4a99462bd1f":{"text":"\u0110\u00e3 di chuy\u1ec3n t\u1edbi Th\u00f9ng r\u00e1c: %s"},"6c86eb040dbb20b1c6e1e891774b27ac":{"text":"Kh\u00f4ng th\u1ec3 di chuy\u1ec3n trang \u0111\u1ebfn Th\u00f9ng r\u00e1c"},"8f1db4fbdd736bfc472e99f61be9e56f":{"text":"\u0110\u00e3 \u0111\u1ed5i m\u1eabu t\u1eeb \"%1$s\" th\u00e0nh \"%2$s\""},"11daf8e4f72e87c440ed3e0cac443157":{"text":"X\u00e1c nh\u1eadn thay \u0111\u1ed5i m\u1eabu"},"48af63aeec834982fcf91e325aaea998":{"text":"Ch\u00fa \u00fd, thay \u0111\u1ed5i m\u1eabu c\u00f3 th\u1ec3 s\u1ebd x\u00f3a c\u00e1c tr\u01b0\u1eddng d\u01b0\u1edbi:"},"729a51874fe901b092899e9e8b31c97a":{"text":"B\u1ea1n ch\u1eafc ch\u1eafn ti\u1ebfp t\u1ee5c?"},"e4c2fcbaac781d00fe1e192a4d94c0e9":{"text":"H\u00e3y x\u00e1c nh\u1eadn l\u00e0 b\u1ea1n hi\u1ec3u r\u00f5 th\u00f4ng tin \u1edf tr\u00ean b\u1eb1ng c\u00e1ch nh\u1ea5p ch\u1ecdn \u00f4 ch\u1ecdn \u1edf d\u01b0\u1edbi."},"6b102e11bd33fb8f4be6a6cecf2c491b":{"text":"B\u1ea1n kh\u00f4ng c\u00f3 quy\u1ec1n thay \u0111\u1ed5i m\u1eabu tr\u00ean trang n\u00e0y"},"854de5f33bda667c67117b0aaee5a9cf":{"text":"M\u1eabu \u0111\u01b0\u1ee3c ch\u1ecdn kh\u00f4ng \u0111\u01b0\u1ee3c ch\u1ea5p nh\u1eadn"},"d4ad7f8661990f191def1fb3a6accbd9":{"text":"\u0110\u00e3 \u0111\u1ed5i sang m\u1eabu '%s'"},"7ddc881b8c4b63699dd8487273384a38":{"text":"Trang c\u1ea5p d\u01b0\u1edbi \u0111\u01b0\u1ee3c s\u1eafp x\u1ebfp b\u1edfi"},"6adf97f83acf6453d4a6a4b1070f3754":{"text":"Tr\u1ed1ng"},"20a90cbb1d0984f5ecf4fe0cf01fe47e":{"text":"D\u00f9ng chu\u1ed9t G\u1eafp v\u00e0 th\u1ea3"},"591acadb8502cd6db313b718df45a6f4":{"text":"C\u00e1c tr\u01b0\u1eddng ch\u00ednh"},"833956a760d996ae61ea8b385e9fb6f0":{"text":"C\u00e1c tr\u01b0\u1eddng tinh ch\u1ec9nh"},"d49042595c2674084c92d561b714d522":{"text":"S\u1eafp x\u1ebfp chi\u1ec1u ng\u01b0\u1ee3c l\u1ea1i?"},"265dabf958cffe4bf96d445dcddf8678":{"text":"%d thay \u0111\u1ed5i"},"4e5878c0e4b4e901ee96c19e7fd05914":{"text":"%d thay \u0111\u1ed5i"}}}