{"file":"wire\/modules\/Process\/ProcessProfile\/ProcessProfile.module","textdomain":"wire--modules--process--processprofile--processprofile-module","translations":{"9fbf3617c6172a75648e9ac0a864bb56":{"text":"H\u1ed3 s\u01a1:"},"f9e0ddbbff17d789d7844835e71e789f":{"text":"Ch\u01b0a l\u01b0u th\u00f4ng tin h\u1ed3 s\u01a1"},"f29de224c874ad891ea1c3627aa468be":{"text":"\u0110\u00e3 l\u01b0u th\u00f4ng tin"},"90b1f6651953fcf8b43ddc0da6760aaf":{"text":"H\u1ed3 s\u01a1 ng\u01b0\u1eddi d\u00f9ng"},"1a59a80bd045dd8cb5a37b841028cc00":{"text":"Cho ph\u00e9p ng\u01b0\u1eddi d\u00f9ng thay \u0111\u1ed5i m\u1eadt kh\u1ea9u, \u0111\u1ecba ch\u1ec9 th\u01b0 \u0111i\u1ec7n t\u1eed v\u00e0 c\u00e1c thi\u1ebft l\u1eadp kh\u00e1c m\u00e0 b\u1ea1n ch\u1ec9 \u0111\u1ecbnh."},"85337e04345622f27e1230c61efa9fd0":{"text":"C\u00e1c tr\u01b0\u1eddng n\u00e0o ng\u01b0\u1eddi d\u00f9ng c\u00f3 th\u1ec3 ch\u1ec9nh s\u1eeda trong h\u1ed3 s\u01a1?"}}}