{"file":"wire\/modules\/Inputfield\/InputfieldPageListSelect\/InputfieldPageListSelect.module","textdomain":"wire--modules--inputfield--inputfieldpagelistselect--inputfieldpagelistselect-module","translations":{"f4ec5f57bd4d31b803312d873be40da9":{"text":"Thay \u0111\u1ed5i"},"ea4788705e6873b424c65e91c2846b19":{"text":"H\u1ee7y b\u1ecf"},"e0626222614bdee31951d84c64e5e9ff":{"text":"Ch\u1ecdn"},"46b816f573557a53c93ac78bbcfa9493":{"text":"B\u1ecf ch\u1ecdn"},"417c313c31381894998d5fa72eac82c8":{"text":"Kh\u00f4ng th\u1ec3 x\u1eed l\u00ed hi\u1ec3n th\u1ecb tr\u01b0\u1eddng n\u00e0y v\u00ec thi\u1ebfu thi\u1ebft l\u1eadp trang c\u1ea5p tr\u00ean trong thi\u1ebft l\u1eadp tr\u01b0\u1eddng d\u1eef li\u1ec7u"},"9f3f3426fca77479498742b32c7d5d31":{"text":"Danh s\u00e1ch l\u1ef1a ch\u1ecdn trang"},"a140a80c76193cb5a6bd75c2f9a13393":{"text":"Danh s\u00e1ch \u0111\u1ec3 l\u1ef1a ch\u1ecdn trang t\u1eeb danh s\u00e1ch c\u00e2y v\u0103n b\u1ea3n tr\u00ean h\u1ec7 th\u1ed1ng"}}}