{"file":"wire\/modules\/Inputfield\/InputfieldMarkup.module","textdomain":"wire--modules--inputfield--inputfieldmarkup-module","translations":{"2ea61fab9633ba2efc3af0e85f8859f9":{"text":"V\u0103n b\u1ea3n \u0111\u00e1nh d\u1ea5u"},"82829c5912f395b029a87c565359835c":{"text":"Ki\u1ec3u \u0111\u1ecbnh d\u1ea1ng v\u0103n b\u1ea3n"},"7b332ecb7817aa0e0d772e9220b5eae9":{"text":"Ch\u1ecdn c\u00e1ch \u0111\u1ecbnh d\u1ea1ng ph\u00f9 h\u1ee3p v\u1edbi ki\u1ec3u \u0111\u00e1nh d\u1ea5u v\u0103n b\u1ea3n, ho\u1eb7c lo\u1ea1i \u0111\u1ecbnh d\u1ea1ng b\u1ea1n mu\u1ed1n \u00e1p d\u1ee5ng cho v\u0103n b\u1ea3n."},"0a803ca330899c7b7eb07d290ebbb5e8":{"text":"N\u1ebfu v\u0103n b\u1ea3n \u0111\u00e1nh d\u1ea5u l\u00e0 thu\u1ea7n HTML, b\u1ea1n kh\u00f4ng th\u1ec3 ch\u1ecdn c\u00e1c ki\u1ec3u \u0111\u1ecbnh d\u1ea1ng kh\u00e1c"},"e51e08a727173e8719e480316459991e":{"text":"\u0110\u00e1nh d\u1ea5u"},"29513c0a079504b7b1ba10953d7270ac":{"text":"Bao h\u00e0m c\u00e1c ki\u1ec3u \u0111\u00e1nh d\u1ea5u v\u00e0 c\u00e1c ph\u1ea7n nh\u1eadp li\u1ec7u kh\u00f4ng b\u1eaft bu\u1ed9c"}}}