{"file":"wire\/modules\/Inputfield\/InputfieldImage\/InputfieldImage.module","textdomain":"wire--modules--inputfield--inputfieldimage--inputfieldimage-module","translations":{"7e4cc6c00140cefcecd178df1836fbba":{"text":"\u1ea2nh \u0111\u00e3 \u0111\u01b0\u1ee3c \u0111i\u1ec1u ch\u1ec9nh l\u1ea1i k\u00edch c\u1ee1 cho ph\u00e9p"},"95dde9286ff11d93e5f5ce0c832b9f2c":{"text":"Hi\u1ec3n th\u1ecb \u1ea3nh xem tr\u01b0\u1edbc t\u1ea1i tr\u00ecnh bi\u00ean so\u1ea1n trang?"},"183cf71ab1252b747070605a2aa370c2":{"text":"C\u00e1c \u1ea3nh xem tr\u01b0\u1edbc chi\u1ebfm \u00edt kh\u00f4ng gian h\u01a1n v\u00e0 khi\u1ebfn cho vi\u1ec7c s\u1eafp x\u1ebfp \u1ea3nh d\u1ec5 d\u00e0ng h\u01a1n. N\u1ebfu kh\u00f4ng ch\u1ecdn, \u1ea3nh k\u00edch c\u1ee1 g\u1ed1c s\u1ebd \u0111\u01b0\u1ee3c hi\u1ec3n th\u1ecb trong tr\u00ecnh bi\u00ean t\u1eadp trang."},"7f0785e56befa113ce8fca2316a12a2e":{"text":"K\u00edch th\u01b0\u1edbc \u1ea3nh l\u1edbn nh\u1ea5t"},"ef375d406da59811c42dc0f5a245dca3":{"text":"Nh\u1eadp \u0111\u1ed9 r\u1ed9ng v\u00e0\/ho\u1eb7c \u0111\u1ed9 cao c\u1ee7a c\u00e1c \u1ea3nh t\u1ea3i l\u00ean. N\u1ebfu \u0111\u01b0\u1ee3c ch\u1ec9 \u0111\u1ecbnh, c\u00e1c \u1ea3nh s\u1ebd \u0111\u01b0\u1ee3c ch\u1ec9nh l\u1ea1i k\u00edch c\u1ee1 ngay sau khi t\u1ea3i l\u00ean n\u1ebfu ch\u00fang v\u01b0\u1ee3t qu\u00e1 gi\u1edbi h\u1ea1n \u0111\u1ed9 r\u1ed9ng\/cao. Vi\u1ec7c ch\u1ec9nh s\u1eeda k\u00edch th\u01b0\u1edbc ch\u1ec9 th\u1ef1c hi\u1ec7n khi t\u1ea3i \u1ea3nh l\u00ean v\u00e0 kh\u00f4ng \u1ea3nh h\u01b0\u1edfng \u0111\u1ebfn c\u00e1c \u1ea3nh kh\u00e1c tr\u00ean h\u1ec7 th\u1ed1ng, ho\u1eb7c \u1ea3nh th\u00eam v\u00e0o qua API."},"e69ccb31941d2fd7923c6b0c01957db3":{"text":"\u0110\u1ed9 r\u1ed9ng l\u1edbn nh\u1ea5t c\u1ee7a \u1ea3nh"},"21a08974171e7c2affbea041f9311318":{"text":"Nh\u1eadp gi\u00e1 tr\u1ecb s\u1ed1 \u0111i\u1ec3m \u1ea3nh (px) ho\u1eb7c \u0111\u1ec3 tr\u1ed1ng \u0111\u1ec3 kh\u00f4ng gi\u1edbi h\u1ea1n"},"c58e466902d0ff945d0677114e41682b":{"text":"\u0110\u1ed9 cao l\u1edbn nh\u1ea5t c\u1ee7a \u1ea3nh"},"fff0d600f8a0b5e19e88bfb821dd1157":{"text":"\u1ea2nh"},"8a29508fcba587b8af0cfb36c544ee0d":{"text":"T\u1ea3i l\u00ean m\u1ed9t ho\u1eb7c nhi\u1ec1u \u1ea3nh (c\u00f3 th\u1ec3 s\u1eafp x\u1ebfp \u0111\u01b0\u1ee3c)"}}}