{"file":"wire\/modules\/Inputfield\/InputfieldFile\/InputfieldFile.module","textdomain":"wire--modules--inputfield--inputfieldfile--inputfieldfile-module","translations":{"b5a7adde1af5c87d7fd797b6245c2a39":{"text":"M\u00f4 t\u1ea3"},"189f63f277cd73395561651753563065":{"text":"Th\u1ebb"},"5e176961ecb3a67e9c653e60de703fdb":{"text":"k\u00e9o th\u1ea3 t\u1eadp tin v\u00e0o \u0111\u00e2y"},"1a6d5576222d1a16320dda443f43b1fa":{"text":"File \u0111\u00e3 th\u00eam:"},"a2c68b109a7c8855b92e56e64bdf4c01":{"text":"File \u0111\u00e3 x\u00f3a:"},"cde86841445e53259c5beb7b61aaf389":{"text":"destinationPath tr\u1ed1ng ho\u1eb7c kh\u00f4ng t\u1ed3n t\u1ea1i"},"53fbb1f98e15224437792f2ea80847a2":{"text":"destinationPath kh\u00f4ng th\u1ec3 ghi"},"b896cdc3267a288d8a0082126a91cb06":{"text":"\u0110\u00e3 \u0111\u1ea1t gi\u1edbi h\u1ea1n s\u1ed1 t\u1eadp tin \u0111\u01b0\u1ee3c ph\u00e9p t\u1ea3i l\u00ean"},"bed8a5795ff53ecfd7b9dab0face84b6":{"text":"Gi\u1ea3i n\u00e9n c\u00e1c t\u1eadp tin Zip?"},"fab7f7d0de48baa58342b39e975c9aab":{"text":"N\u1ebfu \u0111\u01b0\u1ee3c ch\u1ecdn, c\u00e1c t\u1eadp tin ZIP s\u1ebd \u0111\u01b0\u1ee3c gi\u1ea3i n\u00e9n v\u00e0 c\u00e1c t\u1eadp tin h\u1ee3p l\u1ec7 s\u1ebd \u0111\u01b0\u1ee3c th\u00eam v\u00e0o \u0111\u1ec3 t\u1ea3i l\u00ean (n\u1ebfu \u0111\u01b0\u1ee3c h\u1ed7 tr\u1ee3 b\u1edfi m\u00f4i tr\u01b0\u1eddng m\u00e1y ch\u1ee7). S\u1ed1 l\u01b0\u1ee3ng t\u1eadp tin gi\u1edbi h\u1ea1n c\u1ea7n thi\u1ebft l\u1eadp l\u00e0 0 (kh\u00f4ng gi\u1edbi h\u1ea1n) \u0111\u1ec3 vi\u1ec7c t\u1ea3i l\u00ean c\u00e1c t\u1eadp tin ZIP ho\u1ea1t \u0111\u1ed9ng ch\u00ednh x\u00e1c."},"91015caeadb6afed86544257b5d796f5":{"text":"S\u1ed1 d\u00f2ng d\u00f9ng cho m\u00f4 t\u1ea3 tr\u01b0\u1eddng"},"27eebd9281cfaa6f4173d02986c9ad71":{"text":"Nh\u1eadp v\u00e0o s\u1ed1 d\u00f2ng c\u1ea7n cho ph\u1ea7n m\u00f4 t\u1ea3 t\u1eadp tin, ho\u1eb7c nh\u1eadp 0 \u0111\u1ec3 \u1ea9n ph\u1ea7n m\u00f4 t\u1ea3 cho file"},"91f3a2c0e4424c87689525da44c4db11":{"text":"T\u1eadp tin"},"fbf221ff984c277d7fea5d290e817767":{"text":"T\u1ea3i l\u00ean m\u1ed9t ho\u1eb7c nhi\u1ec1u t\u1eadp tin (c\u00f3 th\u1ec3 s\u1eafp x\u1ebfp)"}}}