{"file":"wire\/modules\/Inputfield\/InputfieldPageAutocomplete\/InputfieldPageAutocomplete.module","textdomain":"wire--modules--inputfield--inputfieldpageautocomplete--inputfieldpageautocomplete-module","translations":{"0f6969d7052da9261e31ddb6e88c136e":{"text":"g\u1ee1 b\u1ecf"},"111ce57a33643818f896c8ef5b78f923":{"text":"Nh\u1ea5p Enter \u0111\u1ec3 th\u00eam m\u1ee5c m\u1edbi"},"a2324d16f834e2138b021bb90f1823dc":{"text":"T\u00f9y ch\u1ecdn n\u00e2ng cao cho T\u1ef1 \u0111\u1ed9ng ho\u00e0n th\u00e0nh"},"5bd9a3b9fd04ef31e99e96b10ce5ac5f":{"text":"C\u00e1ch th\u1ee9c t\u00ecm v\u00e0 t\u1ef1 \u0111\u1ed9ng ho\u00e0n th\u00e0nh"},"a711451766d79a07ee817f88cb63ca56":{"text":"Ph\u00e9p t\u00ecm ki\u1ebfm \u0111\u01b0\u1ee3c d\u00f9ng \u0111\u1ec3 s\u1eed d\u1ee5ng v\u00e0 truy v\u1ea5n trong API, th\u1ef1c hi\u1ec7n so s\u00e1nh gi\u00e1 tr\u1ecb \u0111\u1ec3 t\u00ecm c\u00e1c m\u1ee5c ph\u00f9 h\u1ee3p."},"ddc1a98a2c8309eab3292b5fda7e0506":{"text":"N\u1ebfu b\u1ea1n kh\u00f4ng ch\u1eafc ch\u1eafn, h\u00e3y \u0111\u1ec3 gi\u00e1 tr\u1ecb m\u1eb7c \u0111\u1ecbnh l\u00e0 *="},"6774b148e1f242760726e4c88d08931a":{"text":"Bao g\u1ed3m c\u1ee5m t\u1eeb ho\u1eb7c t\u1eeb (s\u1eed d\u1ee5ng fulltext index)  - Khuy\u1ebfn ngh\u1ecb s\u1eed d\u1ee5ng khi s\u1ed1 l\u01b0\u1ee3ng v\u0103n b\u1ea3n nhi\u1ec1u"},"10723caf0a8012a762b741f821060ea9":{"text":"Bao g\u1ed3m c\u1ee5m t\u1eeb ho\u1eb7c t\u1eeb (s\u1eed d\u1ee5ng LIKE) - Khuy\u1ebfn ngh\u1ecb s\u1eed d\u1ee5ng khi s\u1ed1 l\u01b0\u1ee3ng v\u0103n b\u1ea3n \u00edt"},"5aebeca1891bcef0142167dda686b4a7":{"text":"Bao g\u1ed3m t\u1ea5t c\u1ea3 t\u1eeb, kh\u00f4ng t\u00ednh th\u1ee9 t\u1ef1"},"0626526d691a7bf48a099a2330fde59f":{"text":"B\u1eaft \u0111\u1ea7u v\u1edbi t\u1eeb\/c\u1ee5m t\u1eeb"},"a606a68c3a2a799b75998b7be8d48aea":{"text":"K\u1ebft th\u00fac b\u1eb1ng t\u1eeb\/c\u1ee5m t\u1eeb"},"0a06fd6fea29497256d43910fde22cd3":{"text":"Ch\u00ednh x\u00e1c [exact]"},"b956d301c10771357a356a80d9f0d3a5":{"text":"Tr\u01b0\u1eddng \u0111\u1ec3 truy v\u1ea5n v\u00e0 t\u1ef1 \u0111\u1ed9ng ho\u00e0n th\u00e0nh"},"0c458f5b668cdb153d43ffa89c2f2393":{"text":"\u0110i\u1ec1n t\u00ean c\u1ee7a c\u00e1c tr\u01b0\u1eddng m\u00e0 gi\u00e1 tr\u1ecb mu\u1ed1n truy v\u1ea5n cho ph\u1ea7n t\u1ef1 \u0111\u1ed9ng ho\u00e0n th\u00e0nh. Th\u00f4ng th\u01b0\u1eddng \u0111\u01b0\u1ee3c s\u1eed d\u1ee5ng l\u00e0 ti\u00eau \u0111\u1ec1, tuy nhi\u00ean b\u1ea1n c\u00f3 th\u1ec3 th\u00eam c\u00e1c tr\u01b0\u1eddng kh\u00e1c b\u1eb1ng c\u00e1ch \u0111i\u1ec1n th\u00eam c\u00e1c t\u00ean ph\u00e2n c\u00e1ch b\u1edfi kho\u1ea3ng tr\u1eafng. Ch\u00fa \u00fd \u0111\u00e2y kh\u00e1c v\u1edbi \"T\u00ean c\u1ee7a tr\u01b0\u1eddng\" (\u1edf tr\u00ean). \u1ede \u0111\u00e2y b\u1ea1n s\u1ebd thi\u1ebft l\u1eadp tr\u01b0\u1eddng n\u00e0o c\u1ea7n \u0111\u01b0\u1ee3c t\u00ecm, kh\u00f4ng ph\u1ea3i tr\u01b0\u1eddng n\u00e0o \u0111\u1ec3 hi\u1ec3n th\u1ecb."},"8fdfe6e949b4c07d26317e3e2f99a14d":{"text":"Ph\u1ea7n tr\u1ecf c\u1ee7a nh\u1eadp li\u1ec7u v\u0103n b\u1ea3n bao g\u1ed3m:"},"0e942985459c2961ee2ddd03061475e4":{"text":"T\u1ef1 \u0111\u1ed9ng ho\u00e0n th\u00e0nh trang"},"f2f3cd9d4e91a577333b66f5818b9d3b":{"text":"Hi\u1ec3n th\u1ecb danh s\u00e1ch nhi\u1ec1u trang \u0111\u1ec3 l\u1ef1a ch\u1ecdn d\u1ef1a tr\u00ean t\u1ef1 \u0111\u1ed9ng ho\u00e0n th\u00e0nh v\u00e0 kh\u1ea3 n\u0103ng s\u1eafp x\u1ebfp. Ch\u1ee7 y\u1ebfu d\u00f9ng cho ph\u1ea7n nh\u1eadp li\u1ec7u s\u1eed d\u1ee5ng truy v\u1ea5n ngang c\u00e1c tr\u01b0\u1eddng gi\u1eefa c\u00e1c trang."}}}