{"file":"wire\/modules\/Process\/ProcessField\/ProcessField.module","textdomain":"wire--modules--process--processfield--processfield-module","translations":{"c9cc8cce247e49bae79f15173ce97354":{"text":"L\u01b0u"},"8cd0d0c99b062b3d22e8c7188ba33ab2":{"text":"Hi\u1ec7n t\u1ea5t c\u1ea3"},"f3f43e30c8c7d78c6ac0173515e57a00":{"text":"B\u1ed9 l\u1ecdc"},"89872ab3eb9af52f34b4dd82077758fc":{"text":"L\u1ecdc theo M\u1eabu"},"410267bd4e3c99784bab90c5e64b5209":{"text":"Khi \u0111\u01b0\u1ee3c ch\u1ecdn, ch\u1ec9 c\u00f3 c\u00e1c tr\u01b0\u1eddng trong m\u1eabu ch\u1ec9 \u0111\u1ecbnh \u0111\u01b0\u1ee3c hi\u1ec3n th\u1ecb. C\u00e1c tr\u01b0\u1eddng c\u00f3 s\u1eb5n c\u0169ng s\u1ebd \u0111\u01b0\u1ee3c hi\u1ec3n th\u1ecb khi l\u1ecdc theo m\u1eabu. D\u1ea5u (*) ngh\u0129a l\u00e0 m\u1eabu thu\u1ed9c h\u1ec7 th\u1ed1ng."},"363746a770985e537565b276b37c438e":{"text":"Hi\u1ec3n th\u1ecb c\u00e1c tr\u01b0\u1eddng t\u1eeb m\u1eabu: %s"},"a81c2112e97c64099ff86d5b97cb13c6":{"text":"C\u00e1c tr\u01b0\u1eddng theo M\u1eabu"},"d9a45316e3230df36980cf6ab8983485":{"text":"L\u1ecdc theo ki\u1ec3u tr\u01b0\u1eddng"},"db2b4f5915e2053955edfec38776a17f":{"text":"Khi \u0111\u01b0\u1ee3c ch\u1ec9 \u0111\u1ecbnh, ch\u1ec9 c\u00f3 c\u00e1c tr\u01b0\u1eddng \u0111\u01b0\u1ee3c ch\u1ecdn m\u1edbi \u0111\u01b0\u1ee3c hi\u1ec3n th\u1ecb. C\u00e1c tr\u01b0\u1eddng c\u00f3 s\u1eb5n c\u0169ng s\u1ebd \u0111\u01b0\u1ee3c hi\u1ec3n th\u1ecb khi l\u1ecdc theo ki\u1ec3u tr\u01b0\u1eddng."},"cca90d2e0854b62dc0c77ad0e1679be4":{"text":"Hi\u1ec3n th\u1ecb c\u00e1c tr\u01b0\u1eddng theo ki\u1ec3u: %s"},"380f82872d1eb16c53b69ce4cfb45c9f":{"text":"Hi\u1ec3n th\u1ecb c\u00e1c tr\u01b0\u1eddng s\u1eafn c\u00f3:"},"b3dd3da27d2927b5c36e28d771388c7d":{"text":"Ki\u1ec3u tr\u01b0\u1eddng \u0111\u00e3 thay \u0111\u1ed5i"},"a4ca5edd20d0b5d502ebece575681f58":{"text":"Tr\u01b0\u1eddng"},"4b2bcb0478b24201a7d60fed561d1b42":{"text":"S\u1eeda c\u00e1c tr\u01b0\u1eddng \u0111\u01a1n c\u00f3 ch\u1ee9a th\u00f4ng tin trang"},"588f35f32f53430bfc4199ef15c424db":{"text":"Hi\u1ec7n l\u1ef1a ch\u1ecdn l\u1ecdc danh s\u00e1ch tr\u01b0\u1eddng?"},"887c58e4743e8c789e4ebea161c6fdfe":{"text":"L\u1ef1a ch\u1ecdn n\u00e0y s\u1ebd th\u00eam 2 \u00f4 ch\u1ecdn tr\u00ean \u0111\u1ea7u c\u1ee7a danh s\u00e1ch tr\u01b0\u1eddng \u0111\u1ec3 l\u1ecdc hi\u1ec3n th\u1ecb c\u00e1c tr\u01b0\u1eddng theo m\u1eabu ho\u1eb7c ki\u1ec3u tr\u01b0\u1eddng."},"7cdb55d0d84a64ee84c14621892d8e10":{"text":"Tr\u1edf l\u1ea1i danh s\u00e1ch tr\u01b0\u1eddng sau khi l\u01b0u th\u00f4ng tin?"},"503eff76a9f0b3c0c78997aa4370e2f0":{"text":"Theo m\u1eb7c \u0111\u1ecbnh, b\u1ea1n s\u1ebd tr\u1edf l\u1ea1i trang bi\u00ean t\u1eadp c\u00e1c tr\u01b0\u1eddng sau khi l\u01b0u m\u1ed9t trang. N\u1ebfu nh\u01b0 b\u1ea1n mu\u1ed1n tr\u1edf l\u1ea1i danh s\u00e1ch c\u00e1c tr\u01b0\u1eddng, ch\u1ecdn v\u00e0o \u00f4 b\u00ean."},"bcb2ce4355834a060bef50afb9127603":{"text":"C\u00f3 s\u1eb5n"},"d665a1b10e02b9de8f4115d5b7078976":{"text":"Th\u00eam tr\u01b0\u1eddng m\u1edbi"},"0b6c421579ca54de1ee2d79df5df6f05":{"text":"T\u00ean"},"83cfa166d441c1b47108e5d6b3f21cbe":{"text":"Nh\u00e3n"},"516a15631804c8878a63ecc155a067fa":{"text":"Ki\u1ec3u"},"b342aa8cb5e92300b8b0bda3eaf8076d":{"text":"M\u1eabu"},"678cad4866392ed0961cbce7d6ff550d":{"text":"t\u1ef1 \u0111\u1ed9ng gh\u00e9p"},"f1cb39a9250fe6002851375559d8bd85":{"text":"to\u00e0n c\u1ee5c"},"f44c0dcd3537024ab1be348dffe383de":{"text":"h\u1ec7 th\u1ed1ng"},"46c5d71a7ab758f0ce5b9124cd8c53a4":{"text":"c\u1ed1 \u0111\u1ecbnh"},"dcd217d86ebc19480f6602a1835f440d":{"text":"S\u1eeda \u0111\u1ed5i tr\u01b0\u1eddng: %s"},"f98b1dd6f292ac2dfa3f8b0f9a8df9b0":{"text":"Th\u00eam tr\u01b0\u1eddng m\u1edbi"},"cba80ebc9ff6059cddbf49c3f46172a6":{"text":"Tr\u1ed1ng (m\u1eb7c \u0111\u1ecbnh)"},"1f2b73286f18ea71c594652199e86dff":{"text":"H\u1ee7y b\u1ecf"},"b2a6343356c7cf0f4c1aae50c2cac1b7":{"text":"X\u00f3a"},"a90b5efafea041e94da7fffd2bd530a3":{"text":"C\u01a1 b\u1ea3n"},"0071819b4ba5f6d112dbf1eab7cbe2ae":{"text":"Ki\u1ec3u"},"7facb165145d489aeaa6743a6f9f1f55":{"text":"Nh\u00e3n"},"9ea1f3769ad9c72e3ebf7de539b53aa1":{"text":"M\u00f4 t\u1ea3"},"1b5681f696c34da0c10d98c5666f22ca":{"text":"Th\u00f4ng tin"},"450424710b0286d62947973d7263eb21":{"text":"M\u1eabu"},"3be3efa6643b5a3f2af79ace0a5145c4":{"text":"N\u00e2ng cao"},"2a7b956033d031e555889f8ddd52754f":{"text":"Khi ch\u1ecdn c\u00e1c tr\u01b0\u1eddng s\u1eb5n c\u00f3 c\u0169ng s\u1ebd \u0111\u01b0\u1ee3c hi\u1ec3n th\u1ecb. Bao g\u1ed3m tr\u01b0\u1eddng h\u1ec7 th\u1ed1ng v\u00e0 c\u00e1c tr\u01b0\u1eddng c\u1ed1 \u0111\u1ecbnh. C\u00e1c tr\u01b0\u1eddng h\u1ec7 th\u1ed1ng \u0111\u01b0\u1ee3c d\u00f9ng b\u1edfi h\u1ec7 th\u1ed1ng s\u1ebd kh\u00f4ng th\u1ec3 b\u1ecb x\u00f3a hay \u0111\u1ed5i t\u00ean. C\u00e1c tr\u01b0\u1eddng c\u1ed1 \u0111\u1ecbnh s\u1ebd kh\u00f4ng \u0111\u01b0\u1ee3c t\u00e1ch kh\u1ecfi m\u1ed9t m\u1eabu. C\u00e1c tr\u01b0\u1eddng ki\u1ec3u n\u00e0y \u0111\u01b0\u1ee3c d\u00f9ng trong n\u1ed9i b\u1ed9 h\u1ec7 th\u1ed1ng."},"1535d0228ba3626bad19ec55142ffcc6":{"text":"Hi\u1ec7n t\u1ea5t c\u1ea3 c\u00e1c tr\u01b0\u1eddng, bao g\u1ed3m c\u00e1c tr\u01b0\u1eddng h\u1ec7 th\u1ed1ng v\u00e0 c\u00e1c tr\u01b0\u1eddng c\u1ed1 \u0111\u1ecbnh."},"4cca2a863deef0fc4de9115b9164537b":{"text":"Ch\u01b0a g\u1eafn th\u1ebb"},"288fc0452049b753c8a75464d299ffe3":{"text":"Kh\u00f4ng c\u00f3 tr\u01b0\u1eddng n\u00e0o ph\u00f9 h\u1ee3p \u0111i\u1ec1u ki\u1ec7n"},"ad4e206408c1c59bfb8a057ba7857446":{"text":"Ng\u1eef c\u1ea3nh"},"4ac3deb7dc60a1b4770ad126c84171f7":{"text":"* c\u00f3 ngh\u0129a tr\u01b0\u1eddng \u0111ang b\u1ecb ghi \u0111\u00e8 b\u1edfi gi\u00e1 tr\u1ecb m\u1eb7c \u0111\u1ecbnh. T\u00f9y ch\u1ecdn b\u1ea1n ch\u1ec9 \u0111\u1ecbnh trong trang hi\u1ec7n t\u1ea1i s\u1ebd ghi \u0111\u00e8 l\u00ean c\u00e1c thi\u1ebft l\u1eadp m\u1eb7c \u0111\u1ecbnh ch\u1ec9 khi n\u00e0o d\u00f9ng m\u1eabu \"%s\"."},"c64f8a38fc13441f6cc860a4cbae887a":{"text":"X\u00f3a tr\u01b0\u1eddng"},"8bcb61f8472471a1619f7bd55e2c9ad2":{"text":"Tr\u01b0\u1eddng n\u00e0y kh\u00f4ng \u0111\u01b0\u1ee3c d\u00f9ng v\u00e0 do \u0111\u00f3 an to\u00e0n khi x\u00f3a"},"1fa78a97c113bed4e867ec21d9ca918f":{"text":"Tr\u01b0\u1eddng n\u00e0y c\u00f3 th\u1ec3 s\u1ebd kh\u00f4ng b\u1ecb x\u00f3a v\u00ec n\u00f3 \u0111\u01b0\u1ee3c d\u00f9ng trong 1 ho\u1eb7c nhi\u1ec1u m\u1eabu kh\u00e1c."},"e7ec3883e42efde03a4932115fb807eb":{"text":"Thi\u1ebft l\u1eadp khi d\u00f9ng v\u1edbi m\u1eabu: %s"},"bfacb0dba61ee131e07daaacead869c5":{"text":"Thi\u1ebft l\u1eadp c\u01a1 b\u1ea3n cho tr\u01b0\u1eddng"},"5efc010f527cdfeaa2ef63b1c6898fb5":{"text":"K\u1ebft h\u1ee3p b\u1ea5t k\u1ef3 gi\u1eefa ch\u1eef c\u00e1i v\u00e0 ch\u1eef s\u1ed1 (a-z, A-Z, 0-9) ho\u1eb7c g\u1ea1ch d\u01b0\u1edbi (_), kh\u00f4ng \u0111\u01b0\u1ee3c bao g\u1ed3m g\u1ea1ch ngang hay d\u1ea5u c\u00e1ch."},"ab2e4f95a7971ee8077df62efa20d437":{"text":"Sau khi ch\u1ecdn ki\u1ec3u tr\u01b0\u1eddng v\u00e0 l\u01b0u, b\u1ea1n c\u00f3 th\u1ec3 th\u1ef1c hi\u1ec7n t\u00f9y ch\u1ec9nh kh\u00e1c \u0111\u1ebfn ki\u1ec3u tr\u01b0\u1eddng b\u1ea1n \u0111\u00e3 ch\u1ecdn."},"219befd28b6f70d6d0a52f13c6b93772":{"text":"\u0110\u00e2y l\u00e0 ph\u1ea7n nh\u00e3n s\u1ebd hi\u1ec3n th\u1ecb \u1edf tr\u00ean ph\u1ea7n nh\u1eadp li\u1ec7u cho tr\u01b0\u1eddng. N\u1ebfu b\u1ecf tr\u1ed1ng, t\u00ean tr\u01b0\u1eddng s\u1ebd \u0111\u01b0\u1ee3c s\u1eed d\u1ee5ng \u0111\u1ec3 thay th\u1ebf."},"d421f74dd8c605a337e57a6224f23478":{"text":"Th\u00f4ng tin kh\u00e1c m\u00f4 t\u1ea3 tr\u01b0\u1eddng n\u00e0y v\u00e0 ch\u1ec9 d\u1eabn c\u00e1ch th\u1ee9c nh\u1eadp li\u1ec7u."},"0b99d251c68ee30c7f38cefe42d5fbdc":{"text":"Th\u00f4ng tin s\u1eed d\u1ee5ng tr\u01b0\u1eddng"},"90a7d24b2f57968c1090adc8eb1cedff":{"text":"Tr\u01b0\u1eddng n\u00e0y \u0111ang \u0111\u01b0\u1ee3c d\u00f9ng b\u1edfi c\u00e1c m\u1eabu:"},"e846a7b9b780397947329058d6856fe4":{"text":"S\u1eeda tr\u01b0\u1eddng trong ng\u1eef c\u1ea3nh"},"da15cd97dba363b29a8a06c76d4c4c7d":{"text":"Tr\u01b0\u1eddng n\u00e0y hi\u1ec7n kh\u00f4ng \u0111\u01b0\u1ee3c s\u1eed d\u1ee5ng b\u1edfi m\u1eabu n\u00e0o."},"983f66857047c1e6fc8878e54c5c9939":{"text":"T\u1ea1o b\u1ea3n sao c\u1ee7a tr\u01b0\u1eddng n\u00e0y?"},"c073843a55498e809c4dd95be0721831":{"text":"Ch\u1ecdn \u00f4 ch\u1ecdn \u1edf d\u01b0\u1edbi n\u1ebfu b\u1ea1n mu\u1ed1n t\u1ea1o m\u1ed9t b\u1ea3n sao c\u1ee7a tr\u01b0\u1eddng n\u00e0y. B\u1ea3n sao \u0111\u00f3 s\u1ebd \u0111\u01b0\u1ee3c t\u1ea1o khi b\u1ea1n l\u01b0u."},"ee2d3754b6e7f57898d9d8670f78ae71":{"text":"T\u00f9y ch\u1ecdn n\u00e2ng cao"},"189f63f277cd73395561651753563065":{"text":"Th\u1ebb"},"3df354a032179f36ea493c3df6643ce1":{"text":"N\u1ebfu b\u1ea1n mu\u1ed1n nh\u00f3m tr\u01b0\u1eddng n\u00e0y v\u1edbi c\u00e1c tr\u01b0\u1eddng kh\u00e1c trong danh s\u00e1ch, \u0111i\u1ec1n v\u00e0o th\u1ebb d\u1ea1ng 1 t\u1eeb kh\u00f3a. Sau \u0111\u00f3 \u0111i\u1ec1n t\u01b0\u01a1ng t\u1ef1 t\u00ean th\u1ebb \u0111\u00f3 \u1edf c\u00e1c tr\u01b0\u1eddng c\u1ea7n nh\u00f3m. \u0110\u1ec3 ch\u1ec9 \u0111\u1ecbnh nhi\u1ec1u th\u1ebb, ph\u00e2n c\u00e1ch ch\u00fang b\u1eb1ng d\u1ea5u c\u00e1ch. S\u1eed d\u1ee5ng th\u1ebb c\u00f3 th\u1ec3 c\u00f3 t\u00e1c d\u1ee5ng h\u1eefu \u00edch khi b\u1ea1n c\u00f3 m\u1ed9t s\u1ed1 l\u01b0\u1ee3ng l\u1edbn c\u00e1c tr\u01b0\u1eddng."},"7f511c25eccff9ce7127eecfb136f443":{"text":"M\u1ed7i th\u1ebb ph\u1ea3i l\u00e0 m\u1ed9t t\u1eeb (c\u00f3 th\u1ec3 li\u1ec1n nhau b\u1eb1ng d\u1ea5u -)."},"78bd709db99c927f3a59a1983f18c237":{"text":"\u0110\u1ec3 lo\u1ea1i b\u1ecf m\u1ed9t th\u1ebb n\u00e0o \u0111\u00f3 trong danh s\u00e1ch tr\u01b0\u1eddng, th\u00eam d\u1ea5u - tr\u01b0\u1edbc t\u00ean th\u1ebb, v\u00ed d\u1ee5: -hello"},"89e1299f98120a24c999cdffa860d2cb":{"text":"Tr\u01b0\u1eddng \u0111\u00e3 x\u00f3a"},"7d09843a01448bd5ac4ad4bcfb2c388e":{"text":"T\u00ean c\u1ee7a tr\u01b0\u1eddng l\u00e0 b\u1eaft bu\u1ed9c ph\u1ea3i \u0111i\u1ec1n"},"a9c97bb1362d6960df5b6489b9454678":{"text":"Ki\u1ec3u c\u1ee7a tr\u01b0\u1eddng l\u00e0 b\u1eaft bu\u1ed9c ph\u1ea3i \u0111i\u1ec1n"},"584afda122df1e41e3a533afdc1b3f6e":{"text":"Tr\u01b0\u1eddng \u0111\u00e3 \u0111\u01b0\u1ee3c th\u00eam"},"d4a2d56009360cb3a587f17538631ce9":{"text":"Tr\u01b0\u1eddng \u0111\u00e3 \u0111\u01b0\u1ee3c l\u01b0u"},"2f449cde553921e24ebc7b252209b1dc":{"text":"Tr\u01b0\u1eddng \u0111\u00e3 \u0111\u01b0\u1ee3c sao"},"f2b83b9c6e7b4b10852e2920effd3433":{"text":"L\u1ed7i khi t\u1ea1o b\u1ea3n sao c\u1ee7a tr\u01b0\u1eddng n\u00e0y"},"e49f1e280534321564ea8d40be20e4d0":{"text":"Thay \u0111\u1ed5i ki\u1ec3u c\u1ee7a tr\u01b0\u1eddng: %s"},"a3d843d337eabebe3e81df9bfef414ea":{"text":"\u0110\u1ed5i lo\u1ea1i tr\u01b0\u1eddng t\u1eeb \"%1$s\" th\u00e0nh \"%2$s\""},"7d04592612713885f95f51cca38d5708":{"text":"H\u00e3y ghi nh\u1edb l\u00e0 thay \u0111\u1ed5i ki\u1ec3u c\u1ee7a tr\u01b0\u1eddng s\u1ebd thay \u0111\u1ed5i c\u1ea5u tr\u00fac d\u1eef li\u1ec7u. N\u1ebfu nh\u01b0 ki\u1ec3u tr\u01b0\u1eddng m\u1edbi kh\u00f4ng ho\u00e0n to\u00e0n t\u01b0\u01a1ng \u1ee9ng v\u1edbi ki\u1ec3u c\u0169, ho\u1eb7c n\u00f3 ho\u00e0n to\u00e0n kh\u00e1c, r\u1ea5t c\u00f3 th\u1ec3 s\u1ebd x\u1ea3y ra th\u00f4ng tin b\u1ecb m\u1ea5t. \u0110\u1ec3 th\u00f4ng tin d\u1eef li\u1ec7u an to\u00e0n h\u01a1n, b\u1ea1n n\u00ean sao l\u01b0u d\u1eef li\u1ec7u tr\u01b0\u1edbc khi th\u1ef1c hi\u1ec7n thay \u0111\u1ed5i."},"cc84c47ce264c6a27bd49ff004d4c555":{"text":"X\u00e1c nh\u1eadn thay \u0111\u1ed5i ki\u1ec3u tr\u01b0\u1eddng"},"c2311f219b7dc0a845a537a7a26fa8b3":{"text":"N\u1ebfu b\u1ea1n ch\u1eafc ch\u1eafn b\u1ea1n mu\u1ed1n thay \u0111\u1ed5i lo\u1ea1i tr\u01b0\u1eddng, ch\u1ecdn \u00f4 ch\u1ecdn \u1edf d\u01b0\u1edbi v\u00e0 g\u1eedi \u0111i th\u00f4ng tin."},"c2fd10d6fa7d3e1e8bd7c83de24c4d95":{"text":"Thay \u0111\u1ed5i ki\u1ec3u tr\u01b0\u1eddng \u0111\u00e3 ng\u01b0ng"}}}