{"file":"wire\/modules\/Inputfield\/InputfieldTinyMCE\/InputfieldTinyMCE.module","textdomain":"wire--modules--inputfield--inputfieldtinymce--inputfieldtinymce-module","translations":{"9cfefed8fb9497baa5cd519d7d2bb5d7":{"text":"en"},"ea4788705e6873b424c65e91c2846b19":{"text":"H\u1ee7y b\u1ecf"},"259738ca35a086ce9d269623e5ab5d37":{"text":"Th\u00eam li\u00ean k\u1ebft"},"446a6000511ab6fb0711400379a62a04":{"text":"Ch\u1ecdn \u1ea3nh"},"03274f27f51f0c39e06e0e6cd07e01a9":{"text":"S\u1eeda \u1ea3nh"},"586dfebdb944d7af7c4720be84d7fa50":{"text":"\u0110ang l\u01b0u \u1ea3nh"},"941c891be23b6a837de1d46c30efad2a":{"text":"\u0110\u01b0a \u1ea3nh n\u00e0y v\u00e0o"},"a616a1ef7aa1ee32d7d31c742923a202":{"text":"Ch\u1ecdn \u1ea3nh kh\u00e1c"},"c52cec1acd3726638b497fc3b39cb851":{"text":"L\u1ef1a ch\u1ecdn n\u00e2ng cao cho TinyMCE"},"9247ce0e73d45c25608e5e5fac2d781c":{"text":"C\u00e1c tr\u01b0\u1eddng thi\u1ebft l\u1eadp d\u01b0\u1edbi \u0111\u00e2y l\u00e0 c\u00e1c thi\u1ebft l\u1eadp \u0111\u1eb7c th\u00f9 cho TinyMCE v\u00e0 th\u00f4ng tin chi ti\u1ebft v\u1ec1 c\u00e1c l\u1ef1a ch\u1ecdn n\u00e0y c\u00f3 th\u1ec3 \u0111\u01b0\u1ee3c t\u00ecm th\u1ea5y tr\u00ean trang ch\u1ee7 c\u1ee7a TinyMCE. V\u1ec1 c\u01a1 b\u1ea3n th\u00ec t\u1ed1t nh\u1ea5t n\u00ean d\u00f9ng c\u00e1c thi\u1ebft l\u1eadp m\u1eb7c \u0111\u1ecbnh, tr\u1eeb khi b\u1ea1n \u0111\u00e3 quen v\u1edbi c\u00e1c thi\u1ebft l\u1eadp c\u1ee7a TinyMCE"},"c0c126335fecd7cae389dfbf58c5622d":{"text":"L\u1ef1a ch\u1ecdn \u0111\u1ecba ch\u1ec9 gi\u00e1n ti\u1ebfp (t\u1eeb th\u01b0 m\u1ee5c g\u1ed1c) \u0111\u1ebfn t\u1eadp tin content.css c\u1ea7n s\u1eed d\u1ee5ng, TinyMCE s\u1ebd s\u1eed d\u1ee5ng t\u1eadp tin n\u00e0y cho l\u1ef1a ch\u1ecdn 'content_css' m\u00e0 kh\u00f4ng ph\u1ea3i t\u1eadp tin m\u1eb7c \u0111\u1ecbnh \u1edf \"\/wire\/modules\/Inputfield\/InputfieldTinyMCE\/content.css\". Ghi nh\u1edb l\u00e0 \"content.css\" c\u0169ng n\u00ean bao g\u1ed3m c\u00e1c ki\u1ec3u m\u1eabu t\u1eeb t\u1eadp tin ki\u1ec3u m\u1eabu m\u1eb7c \u0111\u1ecbnh: .align_left, .align_right, v\u00e0 .align_center"},"96b75e3952ad31abfa95420bdb00cec3":{"text":"V\u00ed d\u1ee5: \/site\/templates\/styles\/content.css"},"5e0f16068f575dd9db39e18c16f0522f":{"text":"C\u00e1c thi\u1ebft l\u1eadp kh\u00e1c cho TinyMCE"},"e9cc0e7796a91954d22c949695a127f7":{"text":"N\u1ebfu nh\u01b0 mu\u1ed1n \u0111i\u1ec1u ch\u1ec9nh c\u00e1c thi\u1ebft l\u1eadp c\u1ee7a TinyMCE (kh\u00f4ng bao g\u1ed3m \u1edf tr\u00ean) b\u1ea1n c\u00f3 th\u1ec3 s\u1eeda \u0111\u1ed5i b\u1eb1ng c\u00e1ch th\u00eam c\u00e1c d\u00f2ng v\u1edbi c\u00fa ph\u00e1p \"kh\u00f3a:gi\u00e1 tr\u1ecb\""},"05c89e10b124c14e5502e938a4cfc7e2":{"text":"V\u00ed d\u1ee5: theme_advanced_styles:Header 1=header1;Header 2=header2;Header 3=header3;Table Row=tableRow1"},"060cba1f9aaf01aa7573c92e30e634d8":{"text":"Th\u00eam c\u00e1c ph\u1ee5 ki\u1ec7n kh\u00e1c c\u1ee7a TinyMCE. Ch\u1ec9 \u0111\u1ecbnh ch\u00fang b\u1eb1ng c\u00e1ch \u0111i\u1ec1n th\u00f4ng tin m\u1ed7i d\u00f2ng d\u1ea1ng \"kh\u00f3a:gi\u00e1 tr\u1ecb\", trong \u0111\u00f3 kh\u00f3a l\u00e0 t\u00ean c\u1ee7a ph\u1ee5 ki\u1ec7n v\u00e0 gi\u00e1 tr\u1ecb l\u00e0 \u0111\u01b0\u1eddng d\u1eabn \u0111\u1ebfn ph\u1ee5 ki\u1ec7n"},"af33d545f762188f4ac0cbf35c07d1a3":{"text":"V\u00ed d\u1ee5: bramus_cssextras : \/site\/tinymce\/myplugins\/bramus_cssextras"}}}