{"file":"wire\/core\/Inputfield.php","textdomain":"wire--core--inputfield-php","translations":{"1729a56cfc89021478498fe0c89a843a":{"text":"Hi\u1ec3n th\u1ecb"},"49632d1c8309d42371ab31fe84d56c91":{"text":"C\u00e1ch hi\u1ec3n th\u1ecb tr\u01b0\u1eddng n\u00e0y trong ph\u1ea7n bi\u00ean t\u1eadp?"},"604b97c67341baddd9547c714add721c":{"text":"Lu\u00f4n m\u1edf (m\u1eb7c \u0111\u1ecbnh)"},"d7a1a486818eebace651ff191e42984f":{"text":"Thu l\u1ea1i khi tr\u1ed1ng"},"996d9abb10eeff734a994fcd5b449db6":{"text":"Ch\u1ec9 thu l\u1ea1i khi \u0111\u00e3 x\u1eed l\u00ed hi\u1ec3n th\u1ecb"},"c0b4e286b96d6d694cb7ecb152fe3e9d":{"text":"Lu\u00f4n thu l\u1ea1i, c\u1ea7n nh\u1ea5p chu\u1ed9t \u0111\u1ec3 m\u1edf"},"8263d549648f539508587a67f38d008b":{"text":"\u1ea8n \u0111i, kh\u00f4ng hi\u1ec3n th\u1ecb trong ph\u1ea7n bi\u00ean t\u1eadp"},"a785c32894aad6d7c1dc826a4bc0a4a3":{"text":"\u0110\u1ed9 r\u1ed9ng c\u1ed9t (%d%%)"},"0eb0b305235144ffe99e247b24200b09":{"text":"\u0110\u1ed9 r\u1ed9ng c\u1ee7a khung hi\u1ec3n th\u1ecb tr\u01b0\u1eddng nh\u1eadp, t\u00ednh b\u1eb1ng ph\u1ea7n tr\u0103m (10%-100%). N\u1ebfu nh\u01b0 \u0111\u01b0\u1ee3c \u0111\u1eb7t \u1edf c\u00e1c tr\u01b0\u1eddng kh\u00e1c v\u1edbi \u0111\u1ed9 r\u1ed9ng nh\u1ecf h\u01a1n, h\u1ec7 th\u1ed1ng s\u1ebd t\u1ea1o n\u00ean c\u00e1c c\u1ed9t x\u1ebfp c\u1ea1nh nhau."},"8387772e28e9c2b81fa8cb674e569663":{"text":"Ghi ch\u00fa: kh\u00f4ng ph\u1ea3i t\u1ea5t c\u1ea3 c\u00e1c tr\u01b0\u1eddng \u0111\u1ec1u s\u1ebd l\u00e0m vi\u1ec7c v\u1edbi c\u00e1c \u0111\u1ed9 r\u1ed9ng nh\u1ecf, b\u1ea1n n\u00ean ki\u1ec3m tra tr\u01b0\u1edbc khi thay \u0111\u1ed5i."},"6e18e908568ef24580d93bfd3e0f40d7":{"text":"B\u1eaft bu\u1ed9c?"},"c48c7243fc307fd425df738c9f0f4324":{"text":"N\u1ebfu ch\u1ecdn, tr\u01b0\u1eddng n\u00e0y lu\u00f4n c\u1ea7n c\u00f3 m\u1ed9t gi\u00e1 tr\u1ecb."}}}