{"file":"wire\/templates-admin\/default.php","textdomain":"wire--templates-admin--default-php","translations":{"453aceb005ceaf54a47da15fee8b2a26":{"text":"Trang"},"ad2376beebecdcf7846ba973fa1a005b":{"text":"C\u00e0i \u0111\u1eb7t"},"bf17ac149e2e7a530c677e9bd51d3fd2":{"text":"M\u00f4-\u0111un"},"bf733d8a933c1601697f364223fc7ecb":{"text":"Truy c\u1eadp"},"e3afed0047b08059d0fada10f400c1e5":{"text":"Qu\u1ea3n l\u00fd"},"9cfefed8fb9497baa5cd519d7d2bb5d7":{"text":"en"},"7d97481b1fe66f4b51db90da7e794d9f":{"text":"h\u1ed3 s\u01a1"},"4236a440a662cc8253d7536e5aa17942":{"text":"tho\u00e1t h\u1ec7 th\u1ed1ng"},"a7d6475ec8993b7224d6facc8cb0ead6":{"text":"Trang ch\u1ee7"}}}