{"file":"wire\/modules\/Inputfield\/InputfieldURL.module","textdomain":"wire--modules--inputfield--inputfieldurl-module","translations":{"961a0e7330169a0918a85c1086c4ff3a":{"text":"Nh\u1eadp m\u1ed9t \u0111\u1ecba ch\u1ec9 URL h\u1ee3p l\u1ec7, v\u00ed d\u1ee5: http:\/\/www.company.com\/dir\/"},"34b4cb36f08c1d976a2e58d37d81ce49":{"text":"B\u1eaft \u0111\u1ea7u \u0111\u1ecba ch\u1ec9 URLs v\u1edbi \"\/\" v\u00e0 kh\u00f4ng x\u1eed l\u00ed ph\u1ea7n \"%s\""},"31d3da8cb2ee3f26243a6157ce0e5634":{"text":"L\u1ed7i - H\u00e3y ki\u1ec3m tra l\u1ea1i \u0111\u1ecba ch\u1ec9 URL kh\u00f4ng h\u1ee3p l\u1ec7"},"db04dc8c39e8a426d723ba1c6f8a2cd4":{"text":"Ghi ch\u00fa: \"http:\/\/\" \u0111\u00e3 \u0111\u01b0\u1ee3c t\u1ef1 \u0111\u1ed9ng th\u00eam v\u00e0o"},"e6b391a8d2c4d45902a23a8b6585703d":{"text":"URL"},"1a30197ddff7dc9d65d91f285125cdc2":{"text":"URL v\u1edbi \u0111\u1ecbnh d\u1ea1ng ph\u00f9 h\u1ee3p"}}}