{"file":"wire\/modules\/Process\/ProcessModule\/ProcessModule.module","textdomain":"wire--modules--process--processmodule--processmodule-module","translations":{"b14c50cfbdf80ffa1e494282c306a467":{"text":"C\u00e0i \u0111\u1eb7t m\u00f4-\u0111un"},"676b87478bfa073151fbd4afb728f7cc":{"text":"\u0110\u1ec3 th\u00eam nhi\u1ec1u m\u00f4-\u0111un kh\u00e1c, sao ch\u00e9p v\u00e0 \u0111\u1eb7t ch\u00fang \u1edf %s v\u00e0 nh\u1ea5p chu\u1ed9t v\u00e0o ph\u00edm Ki\u1ec3m tra m\u00f4-\u0111un m\u1edbi"},"addec426932e71323700afa1911f8f1c":{"text":"xem th\u00eam"},"b9c21fa0192c783c8c3d3c48cd251f6c":{"text":"T\u00ecm th\u1ea5y m\u00f4-\u0111un m\u1edbi"},"4d90ec9a7117ef7ad9c02a90860d7122":{"text":"\u0110\u1ec3 x\u00f3a m\u1ed9t m\u00f4-\u0111un, nh\u1ea5p chu\u1ed9t v\u00e0o m\u00f4-\u0111un \u0111\u1ec3 s\u1eeda, ch\u1ecdn v\u00e0o \u00f4 'G\u1ee1 b\u1ecf', sau \u0111\u00f3 l\u01b0u th\u00f4ng tin. Sau khi g\u1ee1 b\u1ecf, t\u1eadp tin m\u00f4-\u0111un s\u1ebd c\u00f3 th\u1ec3 b\u1ecb x\u00f3a kh\u1ecfi \/site\/modules\/. N\u1ebfu m\u00f4-\u0111un v\u1eabn c\u00f2n hi\u1ec7n di\u1ec7n trong danh s\u00e1ch tr\u00ean, b\u1ea1n c\u00f3 th\u1ec3 ph\u1ea3i nh\u1ea5p chu\u1ed9t v\u00e0o 'ki\u1ec3m tra m\u00f4-\u0111un m\u1edbi' \u0111\u1ec3 th\u1ea5y s\u1ef1 thay \u0111\u1ed5i."},"5bd749f54100c44d81e0086e667c4468":{"text":"Ki\u1ec3m tra m\u00f4-\u0111un m\u1edbi"},"56f298ec43e271496dd37302c5f2d023":{"text":"Kh\u00f4ng tim th\u1ea5y m\u00f4-\u0111un m\u1edbi"},"4ca1ee2e55f304b56891e55fc0ff7844":{"text":"Kh\u00f4ng c\u00f3 m\u00f4-\u0111un n\u00e0o \u0111\u01b0\u1ee3c ch\u1ec9 \u0111\u1ecbnh"},"e45037779e7b459b4ea29944f1b2ef5c":{"text":"G\u1ee1 b\u1ecf m\u00f4-\u0111un n\u00e0y? Sau khi g\u1ee1 b\u1ecf, b\u1ea1n c\u00f3 th\u1ec3 x\u00f3a t\u1eadp tin m\u00f4-\u0111un t\u1eeb m\u00e1y ch\u1ee7 n\u1ebfu nh\u01b0 m\u00f4-\u0111un \u0111\u00f3 kh\u00f4ng \u0111\u01b0\u1ee3c d\u00f9ng b\u1edfi c\u00e1c m\u00f4-\u0111un kh\u00e1c."},"a0ab914bff40f68598d99e99d39d859c":{"text":"Vi\u1ec7c n\u00e0y c\u0169ng s\u1ebd g\u1ee1 b\u1ecf c\u00e1c m\u00f4-\u0111un kh\u00e1c"},"1f698ebf835d58ef66a38c20e1496fa2":{"text":"(\u0110\u00e3 v\u00f4 hi\u1ec7u)"},"c19eca215de858fb52f1067064dc4bba":{"text":"Kh\u00f4ng th\u1ec3 g\u1ee1 b\u1ecf m\u00f4-\u0111un"},"7c4ba7a5c907fd803087ccd0da925c45":{"text":"B\u1ea1n c\u1ea7n ph\u1ea3i g\u1ee1 b\u1ecf m\u00f4-\u0111un kh\u00e1c tr\u01b0\u1edbc"},"c6ac99bad720428d69928c160e87c55e":{"text":"M\u00f4-\u0111un n\u00e0y kh\u00f4ng c\u00f3 tr\u01b0\u1eddng n\u00e0o \u0111\u1ec3 \u0111i\u1ec1u ch\u1ec9nh"},"aadb23a524b84262538be0a416d5868f":{"text":"M\u00f4-\u0111un \u0111\u00e3 g\u1ee1 b\u1ecf"},"9b60baa546e5c978341fd2907b1d5dc9":{"text":"M\u00f4-\u0111un \u0111\u00e3 l\u01b0u"},"bf17ac149e2e7a530c677e9bd51d3fd2":{"text":"M\u00f4-\u0111un"},"b7e2c8a0dd9e5f4ac8848dc0ff32ba0f":{"text":"Li\u1ec7t k\u00ea, ch\u1ec9nh s\u1eeda ho\u1eb7c c\u00e0i \u0111\u1eb7t\/g\u1ee1 b\u1ecf c\u00e1c m\u00f4-\u0111un"},"70d2b9e888cc1816db79833873ff3a93":{"text":"M\u00f4-\u0111un"},"27a35aaa9bc34010a2a8b5f6e72bc59c":{"text":"Phi\u00ean b\u1ea3n"},"397433048c1c0bf93e5c0b270e178cb5":{"text":"M\u00f4 t\u1ea3"},"ab216fc1fc240e6ae4a8d9e632b75177":{"text":"Y\u00eau c\u1ea7u"},"d79883f0aa4bbfa29cfade81d86f4914":{"text":"\u0110\u1ed3ng th\u1eddi s\u1ebd c\u00e0i \u0111\u1eb7t"},"7dadd48b9d04ac2c725c773fb9b845e6":{"text":"C\u00e0i \u0111\u1eb7t"},"6d1e927236b37ef520bf1e0c06162c61":{"text":"G\u1ee1 b\u1ecf"},"1ac54e3228009efa1fcf80b8709e1288":{"text":"Ti\u00eau \u0111\u1ec1"},"6499bebe581347fb21854f07912f1f65":{"text":"L\u1edbp"},"7f05cd7d695e4a911a436478a8f0cdfc":{"text":"ID"},"289aa00733ebcfd0bae827af29d01356":{"text":"Phi\u00ean b\u1ea3n"},"f09023872796deae6f1373d8a9d31a1e":{"text":"T\u00e1c gi\u1ea3"},"633ce9b9b1a0e5b2f37bcc433eda6073":{"text":"M\u00f4 t\u1ea3"},"a954570dccb58d6a3edeb19736234655":{"text":"Y\u00eau c\u1ea7u"},"c3beb2f9b875c79f76cf703ad3659d68":{"text":"\u0110\u00f2i h\u1ecfi b\u1edfi"},"4d9ea4616e8b425d256a718c7686ed2b":{"text":"Y\u00eau c\u1ea7u quy\u1ec1n h\u1ea1n"},"3ffe0dd3025d49ed76beaaf53f4889ac":{"text":"Th\u00f4ng tin kh\u00e1c"},"da50401ad6d0a7e3ec13844538e10864":{"text":"Th\u00f4ng tin m\u00f4-\u0111un"}}}