{"file":"wire\/modules\/Inputfield\/InputfieldTextarea.module","textdomain":"wire--modules--inputfield--inputfieldtextarea-module","translations":{"530f488f7a9800411efc6926ab189708":{"text":"S\u1ed1 d\u00f2ng"},"c1fa39608b74e309ed351df551eacafd":{"text":"S\u1ed1 d\u00f2ng hi\u1ec3n th\u1ecb ban \u0111\u1ea7u \u0111\u1ed1i v\u1edbi tr\u01b0\u1eddng n\u00e0y"},"b5d4d25fe3fa9f8263b5f279a372b709":{"text":"V\u0103n b\u1ea3n"},"2241a30b27a648ef55d21c01f1cda82e":{"text":"Nh\u1eadp li\u1ec7u v\u0103n b\u1ea3n tr\u00ean nhi\u1ec1u d\u00f2ng"}}}