{"file":"wire\/modules\/Inputfield\/InputfieldEmail.module","textdomain":"wire--modules--inputfield--inputfieldemail-module","translations":{"70d9be9b139893aa6c69b5e77e614311":{"text":"X\u00e1c nh\u1eadn"},"082e55a73f10496681c84231dc1c88f7":{"text":"\u0110\u1ecba ch\u1ec9 Email"},"16f09bacbf690906417db0a60cda359c":{"text":"\u0110\u1ecba ch\u1ec9 email kh\u00f4ng h\u1ee3p l\u1ec7"},"729be41e3a896b691a703fda562f4c98":{"text":"\u0110\u1ecba ch\u1ec9 email kh\u00f4ng kh\u1edbp nhau, b\u1ea1n h\u00e3y ki\u1ec3m tra l\u1ea1i"},"afce6fcb2d736e43b0bf509e385d477a":{"text":"X\u00e1c nh\u1eadn \u0111\u1ecba ch\u1ec9 email n\u00e0y?"},"f98e5e5fd93bc01f60e2a0a30c90618a":{"text":"N\u1ebfu b\u1eadt l\u1ef1a ch\u1ecdn, ng\u01b0\u1eddi d\u00f9ng c\u1ea7n ph\u1ea3i x\u00e1c nh\u1eadn \u0111\u1ecba ch\u1ec9 email l\u00fac nh\u1eadp email. L\u1ef1a ch\u1ecdn n\u00e0y c\u00f3 th\u1ec3 gi\u00fap ng\u01b0\u1eddi d\u00f9ng tr\u00e1nh email b\u1ecb g\u00f5 sai."},"ce8ae9da5b7cd6c3df2929543a9af92d":{"text":"Email"},"3918809b01dd88b1c1c892aec102512b":{"text":"Thi\u1ebft l\u1eadp \u0111\u1ecba ch\u1ec9 Email h\u1ee3p l\u1ec7"}}}