{"file":"wire\/modules\/Process\/ProcessPageAdd\/ProcessPageAdd.module","textdomain":"wire--modules--process--processpageadd--processpageadd-module","translations":{"de9ced9bf5e9829de4a93ad8c9d7a170":{"text":"Th\u00eam m\u1edbi"},"278c491bdd8a53618c149c4ac790da34":{"text":"M\u1eabu"},"5d1b7adfdc7ca6d81d9ddbfa22b443af":{"text":"B\u1ea1n \u0111ang t\u1ea1o m\u1ed9t trang m\u1edbi s\u1eed d\u1ee5ng b\u1ea3n m\u1eabu \u2018%s\u2019"},"c9cc8cce247e49bae79f15173ce97354":{"text":"L\u01b0u"},"abc32b2bc5cd1b61b5d3738f09405c0d":{"text":"Tr\u01b0\u1eddng c\u1ea7n ph\u1ea3i \u0111i\u1ec1n: name"},"9e31eadc87a42dd9b75f4b4d141c192b":{"text":"T\u00ean b\u1ea1n ch\u1ecdn \u0111\u00e3 \u0111\u01b0\u1ee3c s\u1eed d\u1ee5ng r\u1ed3i, h\u00e3y ch\u1ecdn m\u1ed9t t\u00ean kh\u00e1c."},"9c99ecab6aa8967c077e01a0b3f51668":{"text":"\u0110\u00e3 t\u1ea1o trang %1$s s\u1eed d\u1ee5ng m\u1eabu: %2$s"},"c4f4f1adddc771c086745ca04050d415":{"text":"T\u1ea1o trang m\u1edbi"},"e1622ba9f41f5b695bddc69e3ceaa204":{"text":"T\u1ea1o m\u1ed9t trang m\u1edbi"}}}