{"file":"wire\/modules\/Process\/ProcessPageEditLink\/ProcessPageEditLink.module","textdomain":"wire--modules--process--processpageeditlink--processpageeditlink-module","translations":{"0f1d07df1a82d22e187c72bacabc1117":{"text":"Ch\u1ecdn trang"},"ddb0ec6745aefbc02b9c9eb0dfb2e796":{"text":"Nh\u1eadp m\u1ed9t URL, ch\u1ecdn m\u1ed9t trang kh\u00e1c ho\u1eb7c m\u1ed9t t\u1eadp tin \u0111\u1ec3 t\u1ea1o li\u00ean k\u1ebft:"},"f6f7f0f8aa1ef94fdf01a81f1cb24e7a":{"text":"Li\u00ean k\u1ebft \u0111\u1ebfn URL"},"d0371b1908138f8cd5be5356ef5a46ab":{"text":"Li\u00ean k\u1ebft \u0111\u1ebfn Trang"},"629ea6ac7fee06a764a49cb39bd356d9":{"text":"M\u1edf ra trong c\u1eeda s\u1ed5 m\u1edbi"},"1f3e9bfe3126acfe0af746ec6ed2db68":{"text":"N\u1ebfu ch\u1ecdn, khi b\u1ea5m v\u00e0o li\u00ean k\u1ebft s\u1ebd m\u1edf ra c\u1eeda s\u1ed5 m\u1edbi v\u00e0 v\u1eabn gi\u1eef nguy\u00ean c\u1eeda s\u1ed5 c\u0169."},"149a978aed458d66e08de0460cdbf65e":{"text":"Li\u00ean k\u1ebft \u0111\u1ebfn t\u1eadp tin"},"27c6c65717076df3e127c24bee401fa7":{"text":"\u0110\u1ec3 ch\u1ecdn m\u1ed9t t\u1eadp tin t\u1eeb trang kh\u00e1c, nh\u1ea5p chu\u1ed9t v\u00e0o 'Li\u00ean k\u1ebft \u0111\u1ebfn trang' \u1edf tr\u00ean v\u00e0 ch\u1ecdn trang b\u1ea1n mu\u1ed1n l\u1ea5y t\u1eadp tin."}}}