{"file":"wire\/modules\/Process\/ProcessTemplate\/ProcessTemplate.module","textdomain":"wire--modules--process--processtemplate--processtemplate-module","translations":{"93cba07454f06a4a960172bbd6e2a435":{"text":"C\u00f3"},"bafd7322c6e97d25b6299b5d6fe8920b":{"text":"Kh\u00f4ng"},"729a51874fe901b092899e9e8b31c97a":{"text":"B\u1ea1n ch\u1eafc ch\u1eafn ch\u1ee9?"},"4cca2a863deef0fc4de9115b9164537b":{"text":"Ch\u01b0a g\u1eafn th\u1ebb"},"f3f43e30c8c7d78c6ac0173515e57a00":{"text":"B\u1ed9 l\u1ecdc"},"1ada25378d2f81d6394cb823cda822ad":{"text":"L\u1ecdc theo Tr\u01b0\u1eddng"},"602717d1b0adbf6ff41366d6371e375d":{"text":"Ch\u1ecdn m\u1ed9t tr\u01b0\u1eddng v\u00e0 ch\u1ec9 c\u00e1c m\u1eabu s\u1eed d\u1ee5ng tr\u01b0\u1eddng \u0111\u00f3 s\u1ebd \u0111\u01b0\u1ee3c hi\u1ec3n th\u1ecb"},"3f8255a0588417dee11d58e2b92c59b4":{"text":"C\u00e1c m\u1eabu d\u00f9ng tr\u01b0\u1eddng: %s"},"487cc58bb37a22e2cfc4d04c92267fee":{"text":"Hi\u1ec3n th\u1ecb m\u1eabu h\u1ec7 th\u1ed1ng?"},"19a3fc9f896f1ef86f69f782be122c37":{"text":"Theo m\u1eb7c \u0111\u1ecbnh, c\u00e1c m\u1eabu n\u1ed9i b\u1ed9 v\u00e0 m\u1eabu h\u1ec7 th\u1ed1ng s\u1ebd kh\u00f4ng hi\u1ec3n th\u1ecb. Nh\u1ea5p ch\u1ecdn 'C\u00f3' \u0111\u1ec3 hi\u1ec3n th\u1ecb chugns trong danh s\u00e1ch m\u1eabu \u1edf d\u01b0\u1edbi."},"86ec8350e4740a4cc47328ee7c984d40":{"text":"Th\u00eam m\u1eabu m\u1edbi"},"ff6be05386ed6fc79ccf24b5eb9432ac":{"text":"\u0110\u00e3 th\u00eam m\u1eabu m\u1edbi v\u00e0 nh\u00f3m tr\u01b0\u1eddng: %s"},"0dea25b9c7f4d4afbe59f7f9b2741d29":{"text":"T\u00ecm th\u1ea5y c\u00e1c m\u1eabu trong: %s"},"66c97c50054d31c710d96c0073ec4c78":{"text":"\u0110\u00e3 t\u00ecm th\u1ea5y c\u00e1c m\u1eabu m\u1edbi d\u01b0\u1edbi \u0111\u00e2y. Ch\u1ecdn \u00f4 ch\u1ecdn \u1edf tr\u01b0\u1edbc m\u1ed7i m\u1eabu b\u1ea1n mu\u00f4n th\u00eam."},"f392144a3652c7daf4ee4f0377497709":{"text":"Kh\u00f4ng t\u00ecm th\u1ea5y t\u1eadp tin m\u1eabu n\u00e0o m\u1edbi trong: %s"},"01582c3e65dc06c2cf178a0bdce2b4dd":{"text":"T\u1ea1o m\u1ed9t m\u1eabu m\u1edbi m\u00e0 kh\u00f4ng c\u1ea7n t\u1eadp tin"},"524fe63ba99d979ba854d38529c9abc1":{"text":"N\u1ebfu nh\u01b0 b\u1ea1n mu\u1ed1n t\u1ea1o m\u1ed9t m\u1eabu m\u1edbi ngay c\u1ea3 khi kh\u00f4ng c\u00f3 m\u1ed9t t\u1eadp tin n\u00e0o \u0111i k\u00e8m v\u1edbi n\u00f3, nh\u1eadp t\u00ean c\u1ee7a m\u1eabu \u1edf \u0111\u00e2y."},"088244ca195e0e9e57bd38027406b66b":{"text":"Kh\u00f4ng bao g\u1ed3m ph\u1ea7n m\u1edf r\u1ed9ng c\u1ee7a t\u1eadp tin"},"24a144ffc0e6aae299d3a23c2152e7fa":{"text":"S\u1eeda \u0111\u1ed5i m\u1eabu: %s"},"545d923164ab07a1b18e48e526f51259":{"text":"C\u00e1c trang s\u1eed d\u1ee5ng m\u1eabu n\u00e0y kh\u00f4ng th\u1ec3 \u0111\u01b0\u1ee3c truy c\u1eadp v\u00ec t\u1eadp tin m\u1eabu (%s) kh\u00f4ng t\u1ed3n t\u1ea1i [kh\u00f4ng-t\u1ed3n-t\u1ea1i-t\u1eadp-tin]."},"a6cdf6c364498c02bdaa499492780445":{"text":"M\u1ed9t nh\u00e3n t\u00f9y \u00fd \u0111\u1ec3 m\u00f4 t\u1ea3 m\u1eabu n\u00e0y"},"b5b8f523cefee8895f19a223c85f431f":{"text":"Qu\u1ea3n l\u00fd vi\u1ec7c truy xu\u1ea5t m\u1eabu"},"7a91f878f0e4c02c502a8d0583b0c6be":{"text":"C\u00e1ch s\u1eed d\u1ee5ng v\u00e0 th\u00f4ng tin hi\u1ec3n tr\u1ecb trong c\u00e2y th\u01b0 m\u1ee5c"},"501dba7089bbfb45c7c1a733477bcdc5":{"text":"C\u1ea5u h\u00ecnh cho li\u00ean k\u1ebft c\u1ee7a c\u00e1c trang s\u1eed d\u1ee5ng m\u1eabu n\u00e0y"},"23f23b8b2e4cc5c8517468a6d001b3fd":{"text":"L\u01b0u tr\u1eef xu\u1ea5t ra"},"244561833b6ce4599891cf9e33fb33d6":{"text":"C\u00e1c thi\u1ebft l\u1eadp n\u00e2ng cao kh\u00f4ng b\u1eaft bu\u1ed9c cho m\u1eabu"},"5dd56426fff182e0610cc0bf9d389437":{"text":"Thi\u1ebft l\u1eadp h\u1ec7 th\u1ed1ng ch\u1ec9 \u0111\u1ecbnh cho m\u1eabu"},"bef497d3a07d13fedba143fc543e606d":{"text":"Nh\u1eadp v\u00e0o c\u00e1c tr\u01b0\u1eddng t\u1eeb m\u1eabu kh\u00e1c"},"0d4ca2b82aa1381b25348c8509009839":{"text":"X\u00f3a m\u1eabu"},"f89bc18e7afb05b3ac03300bec624b63":{"text":"X\u00e1c nh\u1eadn x\u00f3a"},"833914963b9e76310195f43171e185a6":{"text":"Kh\u00f4ng th\u1ec3 x\u00f3a m\u1eabu n\u00e0y"},"f7c9b4730186dec196b0eaf4be43f530":{"text":"Kh\u00f4ng th\u1ec3 x\u00f3a m\u1eabu h\u1ec7 th\u1ed1ng"},"890f96a8e633d19ff700b360949982af":{"text":"Ch\u00fa \u00fd r\u1eb1ng x\u00f3a m\u1eabu ch\u1ec9 x\u00f3a ch\u00fang t\u1eeb c\u01a1 s\u1edf d\u1eef li\u1ec7u, h\u1ec7 th\u1ed1ng s\u1ebd kh\u00f4ng x\u00f3a t\u1eadp tin m\u1eabu."},"0968f67bf85224770756cc134016da2b":{"text":"Theo m\u1eb7c \u0111\u1ecbnh, m\u1ed7i trang m\u1eabu qu\u1ea3n l\u00fd nh\u00f3m c\u00e1c tr\u01b0\u1eddng gh\u00e9p v\u00e0o n\u00f3. N\u1ebfu nh\u01b0 b\u1ea1n mu\u1ed1n m\u1eabu n\u00e0y s\u1eed d\u1ee5ng c\u00e1c tr\u01b0\u1eddng \u1edf m\u1eabu kh\u00e1c, ch\u1ecdn ch\u00fang \u1edf \u0111\u00e2y."},"6f8d1b93e4aad53511c85e29ed36b3d0":{"text":"(m\u1eb7c \u0111\u1ecbnh)"},"b6b0afb901a4db116f6b8403cf434280":{"text":"D\u00e0nh cho ph\u1ea7n li\u00ean k\u1ebft b\u1ea1n mong mu\u1ed1n l\u1eadp, \u0111\u00e2y l\u00e0 m\u1ed9t danh s\u00e1ch c\u00e1c tr\u01b0\u1eddng \u0111\u01b0\u1ee3c d\u00f9ng b\u1edfi m\u1eabu n\u00e0y. M\u1eabu n\u00e0y s\u1eed d\u1ee5ng c\u00e1c tr\u01b0\u1eddng t\u1eeb m\u1eabu '%s'."},"7fc1fde9711c421115c890cd0d181100":{"text":"X\u00e1c \u0111\u1ecbnh c\u00e1c tr\u01b0\u1eddng \u0111\u01b0\u1ee3c d\u00f9ng b\u1edfi m\u1eabu n\u00e0y. B\u1ea1n c\u00f3 th\u1ec3 nh\u1ea5p gi\u1eef chu\u1ed9t v\u00e0 di chuy\u1ec3n \u0111\u1ec3 s\u1eafp x\u1ebfp th\u1ee9 t\u1ef1 c\u1ee7a ch\u00fang theo \u00fd mu\u1ed1n."},"6daa35fd97a645b8e37cae080eab3de9":{"text":"Th\u00eam tr\u01b0\u1eddng"},"71bb941583eef6e3e5ed3eaad39cc315":{"text":"Sao c\u00e1c tr\u01b0\u1eddng d\u00f9ng b\u1edfi c\u00e1c m\u1eabu kh\u00e1c"},"0a18045f3c2d800b18fc146d3f16b97e":{"text":"N\u1ebfu b\u1ea1n mu\u1ed1n sao c\u00e1c tr\u01b0\u1eddng d\u00f9ng b\u1edfi c\u00e1c m\u1eabu kh\u00e1c, ch\u1ecdn ch\u00fang \u1edf \u0111\u00e2y. C\u00e1c tr\u01b0\u1eddng hi\u1ec7n di\u1ec7n \u1edf m\u1eabu n\u00e0y s\u1ebd b\u1ecb b\u1ecf qua."},"0f62a8abd379b96004d8118b0d9a2399":{"text":"\u0110\u1ec3 l\u01b0u tr\u1eef ph\u1ea7n n\u1ed9i dung xu\u1ea5t ra t\u1eeb m\u1eabu n\u00e0y, nh\u1eadp th\u1eddi gian (t\u00ednh b\u1eb1ng gi\u00e2y) m\u00e0 n\u1ed9i dung \u0111\u00f3 s\u1ebd \u0111\u01b0\u1ee3c t\u1ea1m l\u01b0u. T\u1ea1m l\u01b0u th\u00f4ng tin s\u1ebd gi\u00fap trang t\u1ea3i \u0111\u01b0\u1ee3c nhanh h\u01a1n r\u1ea5t nhi\u1ec1u, \u0111\u1eb7c bi\u1ec7t c\u00e1c trang s\u1eed d\u1ee5ng nhi\u1ec1u t\u00e0i nguy\u00ean. Tuy nhi\u00ean vi\u1ec7c tr\u1eef th\u00f4ng tin t\u1ea1m n\u00e0y kh\u00f4ng n\u00ean d\u00f9ng trong c\u00e1c m\u1eabu x\u1eed l\u00ed c\u00e1c d\u1eef li\u1ec7u thay \u0111\u1ed5i t\u1ea7n su\u1ea5t cao, v\u00ed d\u1ee5 nh\u01b0 bi\u1ec3u m\u1eabu ho\u1eb7c session. C\u0169ng c\u1ea7n ghi ch\u00fa l\u00e0 c\u00e1c \u0111o\u1ea1n URL \u0111\u01b0\u1ee3c l\u01b0u tr\u1eef, th\u00f4ng tin GET v\u00e0 POST s\u1ebd kh\u00f4ng \u0111\u01b0\u1ee3c l\u01b0u."},"e71a260bc8db16e30f2dedeba9440a25":{"text":"V\u00ed d\u1ee5: 60 = 1 ph\u00fat, 600 = 10 ph\u00fat, 3600 = 1 gi\u1edd, 86400 = 1 ng\u00e0y, 604800 = 1 tu\u1ea7n, 2419200 = 1 th\u00e1ng"},"fa15c33b6ad59f9f8183f1b3c68ab082":{"text":"L\u01b0u trang\/ H\u1ea1n l\u01b0u tr\u1eef"},"7ff5f438d6cc10c5f333e97329c72daa":{"text":"Khi m\u1ed9t trang s\u1eed d\u1ee5ng m\u1eabu n\u00e0y \u0111\u01b0\u1ee3c l\u01b0u, c\u1ea7n x\u1eed l\u00ed nh\u01b0 th\u1ebf n\u00e0o \u0111\u1ebfn b\u1ed9 l\u01b0u tr\u1eef t\u1ea1m?"},"fe4a994d36e75cfb408bdf0b5dd7af09":{"text":"Ch\u1ec9 x\u00f3a b\u1ed9 l\u01b0u tr\u1eef t\u1ea1m cho c\u00e1c trang \u0111\u00e3 l\u01b0u (m\u1eb7c \u0111\u1ecbnh)"},"e83d2e6601e2f724159034563ad4fde0":{"text":"X\u00f3a b\u1ed9 l\u01b0u tr\u1eef t\u1ea1m cho to\u00e0n b\u1ed9 h\u1ec7 th\u1ed1ng *"},"3bba41317ab3da84fd247ebaa32ea821":{"text":"X\u00f3a l\u01b0u tr\u1eef t\u1ea1m cho c\u00e1c trang \u0111\u00e3 l\u01b0u v\u00e0 trang c\u1ea5p tr\u00ean ch\u00fang (bao g\u1ed3m trang ch\u1ee7)"},"f841b3150a439220f669e77e12ea0bda":{"text":"X\u00f3a l\u01b0u tr\u1eef t\u1ea1m cho c\u00e1c trang \u0111\u00e3 l\u01b0u v\u00e0 c\u00e1c trang kh\u00e1c t\u00f4i ch\u1ec9 \u0111\u1ecbnh..."},"cd88ce600576fcc630878b5e374835a5":{"text":"Kh\u00f4ng l\u00e0m g\u00ec c\u1ea3"},"cac7796ca8e88c31d8b23733cb7aaf03":{"text":"* \u0110\u1ec3 t\u1ed1i \u01b0u h\u00f3a ho\u1ea1t \u0111\u1ed9ng, c\u00e1c t\u1eadp tin l\u01b0u tr\u1eef \u0111\u01b0\u1ee3c x\u00e9t h\u1ebft h\u1ea1n theo nh\u00f3m h\u01a1n l\u00e0 x\u00f3a theo t\u1eebng t\u1eadp tin m\u1ed9t."},"7ebdcad871020558be972578bdf46a10":{"text":"Ch\u1ec9 \u0111\u1ecbnh c\u00e1c trang kh\u00e1c c\u1ea7n x\u00f3a cache"},"501a09415d30cab1819195e5566a0c0d":{"text":"Khi c\u00e1c trang s\u1eed d\u1ee5ng m\u1eabu n\u00e0y \u0111\u01b0\u1ee3c l\u01b0u, c\u00e1c file cache c\u1ee7a n\u00f3 c\u0169ng s\u1ebd b\u1ecb x\u00f3a. Ch\u1ecdn c\u00e1c trang kh\u00e1c c\u1ea7n x\u00f3a cache \u1edf d\u01b0\u1edbi."},"d6b522c2ed20093505dfa63be2ba0454":{"text":"L\u01b0u tr\u1eef th\u00f4ng tin khi t\u1ea3i v\u00e0 hi\u1ec3n th\u1ecb trang \u0111\u1ebfn nh\u1eefng ng\u01b0\u1eddi d\u00f9ng n\u00e0y"},"787f82b093280bcb87901ea228d7b083":{"text":"Ch\u1ec9 kh\u00e1ch"},"8a8e700d3ef2487708d671db81ed8ce3":{"text":"Kh\u00e1ch v\u00e0 ng\u01b0\u1eddi d\u00f9ng \u0111\u00e3 \u0111\u0103ng nh\u1eadp"},"8d5e98c594942c49efea1af30c90efe5":{"text":"Ch\u00fa \u00fd l\u00e0 cache s\u1ebd lu\u00f4n b\u1ecb v\u00f4 hi\u1ec7u cho c\u00e1c trang m\u00e0 ng\u01b0\u1eddi d\u00f9ng c\u00f3 quy\u1ec1n ch\u1ec9nh s\u1eeda, b\u1ea5t k\u1ec3 b\u1ea1n c\u00f3 ch\u1ecdn c\u00e1c trang \u0111\u00f3 \u1edf \u0111\u00e2y."},"d1db89af3df82862d45c9755e9aa0075":{"text":"Cache v\u00f4 hi\u1ec7u c\u00e1c bi\u1ebfn GET"},"ad63801f30d93a9f54257aa637d5ed89":{"text":"Cache v\u00f4 hi\u1ec7u c\u00e1c bi\u1ebfn POST"},"dcc07e185c0c88ca7c4439fbaa56e4cb":{"text":"Khi c\u00e1c m\u1eabu xu\u1ea5t ra \u0111\u01b0\u1ee3c l\u01b0u tr\u1eef t\u1ea1m, c\u00e1c bi\u1ebfn n\u00e0y s\u1ebd b\u1ecb b\u1ecf qua theo m\u1eb7c \u0111\u1ecbnh. B\u1ea1n c\u00f3 th\u1ec3 ch\u1ec9 \u0111\u1ecbnh m\u1ed9t ho\u1eb7c nhi\u1ec1u t\u00ean bi\u1ebfn m\u00e0 s\u1ebd v\u00f4 hi\u1ec7u l\u01b0u tr\u1eef cho m\u1ed9t y\u00eau c\u1ea7u."},"f32d42af055544c46a989bceee851733":{"text":"Nh\u1eadp b\u1ea5t k\u1ef3 m\u1ed9t ho\u1eb7c nhi\u1ec1u t\u00ean bi\u1ebfn. N\u1ebfu nh\u1eadp nhi\u1ec1u h\u01a1n m\u1ed9t bi\u1ebfn, h\u00e3y ph\u00e2n c\u00e1ch b\u1eb1ng d\u1ea5u c\u00e1ch"},"189f63f277cd73395561651753563065":{"text":"Th\u1ebb"},"5cb36b26303f4abb0dea36f9bb96887f":{"text":"N\u1ebfu b\u1ea1n mu\u1ed1n nh\u00f3m c\u00e1c m\u1eabu n\u00e0y v\u1edbi c\u00e1c m\u1eabu kh\u00e1c trong danh s\u00e1ch, h\u00e3y \u0111i\u1ec1n v\u00e0o th\u1ebb d\u1ea1ng 1 t\u1eeb kh\u00f3a. Sau \u0111\u00f3 \u0111i\u1ec1n th\u1ebb t\u01b0\u01a1ng t\u1ef1 v\u00e0o c\u00e1c m\u1eabu kh\u00e1c b\u1ea1n mu\u1ed1n nh\u00f3m c\u00f9ng. \u0110\u1ec3 ch\u1ec9 \u0111\u1ecbnh nhi\u1ec1u th\u1ebb, ph\u00e2n c\u00e1ch b\u1eb1ng d\u1ea5u c\u00e1ch. S\u1eed d\u1ee5ng th\u1ebb \u0111\u1ec3 nh\u00f3m s\u1ebd c\u00f3 \u00edch khi h\u1ec7 th\u1ed1ng c\u00f3 r\u1ea5t nhi\u1ec1u m\u1eabu."},"7f511c25eccff9ce7127eecfb136f443":{"text":"M\u1ed7i th\u1ebb ph\u1ea3i l\u00e0 m\u1ed9t t\u1eeb (c\u00f3 th\u1ec3 li\u1ec1n nhau b\u1eb1ng d\u1ea5u -)."},"9238cda6a9c91cd5cc846791a49ba3ab":{"text":"\u0110\u1ec3 thu l\u1ea1i 1 th\u1ebb trong danh s\u00e1ch m\u1eabu, th\u00eam d\u1ea5u g\u1ea1ch ngang (-) tr\u01b0\u1edbc n\u00f3, v\u00ed d\u1ee5: -hello"},"f9c716f29bd379e49e4485ea8afd1556":{"text":"\u0110\u1ed5i t\u00ean m\u1eabu"},"f1a2199b60e95006b3d66f9eb5a9e621":{"text":"T\u00ean m\u1eabu \u0111\u01b0\u1ee3c d\u00f9ng \u0111\u1ec3 \u0111\u1ea1i di\u1ec7n m\u1eabu. \u0110\u00e2y \u0111\u1ed3ng th\u1eddi c\u0169ng l\u00e0 t\u00ean t\u1eadp tin m\u1eb7c \u0111\u1ecbnh c\u1ee7a m\u1eabu (ph\u1ea7n m\u1edf r\u1ed9ng .php) trong \/site\/templates\/."},"04f22e1af73c705475a4cc38a5c89ae3":{"text":"T\u00ean t\u1eadp tin m\u1eabu c\u00f3 th\u1ec3 ghi v\u00e0 c\u0169ng s\u1ebd \u0111\u01b0\u1ee3c \u0111\u1ed5i t\u00ean."},"8d5a5a7af810d2ef80cf02082615c9dd":{"text":"T\u00ean t\u1eadp tin m\u1eabu kh\u00f4ng th\u1ec3 ghi, v\u1eady n\u00ean b\u1ea1n s\u1ebd ph\u1ea3i \u0111\u1ed5i t\u00ean b\u1eb1ng c\u00e1ch th\u1ee7 c\u00f4ng (s\u1ebd ch\u1ec9 d\u1eabn sau khi b\u1ea1n l\u01b0u)."},"e1f4b06346cdbed5063a5e42a9593f59":{"text":"Nh\u1eadp b\u1ea5t k\u1ef3 s\u1ef1 k\u1ebft h\u1ee3p gi\u1eefa ch\u1eef c\u00e1i, s\u1ed1, g\u1ea1ch ngang, g\u1ea1ch d\u01b0\u1edbi v\u00e0 kh\u00f4ng bao g\u1ed3m d\u1ea5u c\u00e1ch (a-z A-Z 0-9 -  _). Kh\u00f4ng bao g\u1ed3m ph\u1ea7n m\u1edf r\u1ed9ng .php."},"30281e3b2fa626d5f52c833c541c84ac":{"text":"T\u1ea1o b\u1ea3n sao c\u1ee7a m\u1eabu n\u00e0y?"},"b69fde670b130ace1c7890c8be5b289b":{"text":"Ch\u1ecdn \u00f4 ch\u1ecdn \u1edf d\u01b0\u1edbi n\u1ebfu b\u1ea1n mu\u1ed1n t\u1ea1o b\u1ea3n sao c\u1ee7a m\u1eabu n\u00e0y. B\u1ea3n sao s\u1ebd \u0111\u01b0\u1ee3c t\u1ea1o sau khi b\u1ea1n l\u01b0u. N\u1ebfu th\u01b0 m\u1ee5c ch\u1ee9a t\u1eadp tin m\u1eabu c\u00f3 th\u1ec3 ghi \u0111\u01b0\u1ee3c v\u00e0 m\u1eabu c\u00f3 t\u1eadp tin \u0111\u00ednh k\u00e8m, ch\u00fang c\u0169ng s\u1ebd \u0111\u01b0\u1ee3c sao ch\u00e9p."},"e9c90e0ba4fdd701df9d4ff73c82dc3e":{"text":"T\u00ean thay th\u1ebf cho t\u1eadp tin m\u1eabu"},"f8faba0e1d9c277a84bb16a48f9d57f6":{"text":"T\u00ean t\u1eadp tin m\u1eabu, n\u1ebfu kh\u00e1c v\u1edbi: %s"},"217ca16c1e160b229a71c244512c3d4d":{"text":"C\u00e1c t\u1eadp tin m\u1eabu \u0111\u01b0\u1ee3c cho l\u00e0 \u0111\u1eb7t \u1edf th\u01b0 m\u1ee5c: %s"},"043008c261f9d0e109c03ab63e047bcd":{"text":"T\u1eadp tin m\u1eabu c\u00f3 ph\u1ea7n m\u1edf r\u1ed9ng l\u00e0: %s"},"7328590933d4202f89220d6b435b0e8f":{"text":"Danh s\u00e1ch c\u00e1c tr\u01b0\u1eddng hi\u1ec3n th\u1ecb trong Danh s\u00e1ch trang"},"61b468c296e8ff1ed4c18bd86392e1cc":{"text":"\u0110i\u1ec1n 1 ho\u1eb7c nhi\u1ec1u t\u00ean tr\u01b0\u1eddng g\u00e1n cho m\u1eabu n\u00e0y \u0111\u1ec3 hi\u1ec3n th\u1ecb trong Danh s\u00e1ch trang khi li\u1ec7t k\u00ea c\u00e1c trang s\u1eed d\u1ee5ng m\u1eabu n\u00e0y. N\u1ebfu b\u1ecf tr\u1ed1ng, c\u00e1c tr\u01b0\u1eddng ch\u1ec9 \u0111\u1ecbnh trong c\u1ea5u h\u00ecnh c\u1ee7a m\u00f4-\u0111un ProcessPageList s\u1ebd \u0111\u01b0\u1ee3c s\u1eed d\u1ee5ng. T\u00ean tr\u01b0\u1eddng c\u1ea7n ph\u00e2n c\u00e1ch b\u1edfi d\u1ea5u c\u00e1ch ho\u1eb7c d\u1ea5u ph\u1ea9y. C\u00e1c tr\u01b0\u1eddng tr\u1ed1ng s\u1ebd b\u1ecb b\u1ecf qu\u1ea3."},"b1a8a50c7276f36aeca631c5f4d18c9d":{"text":"B\u1ea1n c\u00f3 th\u1ec3 nh\u1eadp 1 ho\u1eb7c c\u00e1c tr\u01b0\u1eddng:"},"dc8ce981931b1e9b1f784c57730a67c1":{"text":"Ghi nh\u1edb l\u00e0 c\u00e1c thi\u1ebft l\u1eadp h\u1ec7 th\u1ed1ng \u0111\u01b0\u1ee3c d\u00f9ng cho vi\u1ec7c ph\u00e1t tri\u1ec3n h\u1ec7 th\u1ed1ng n\u1ec1n (kh\u00f4ng ph\u1ea3i ph\u00e1t tri\u1ec3n web). H\u00e3y s\u1eed d\u1ee5ng ch\u00fang c\u1ea9n th\u1eadn."},"3920cc9a9feba6acfae659a68688f13c":{"text":"G\u1eafn m\u00e1c h\u1ec7 th\u1ed1ng?"},"e92f2f24e876c414f6cca0e1ed3bfa73":{"text":"N\u1ebfu ch\u1ecdn, m\u1eabu n\u00e0y s\u1ebd \u0111\u01b0\u1ee3c ch\u1ec9 \u0111\u1ecbnh l\u00e0 m\u1eabu h\u1ec7 th\u1ed1ng v\u00e0 s\u1ebd kh\u00f4ng th\u1ec3 b\u1ecb x\u00f3a. M\u1ed9t khi m\u00e1c h\u1ec7 th\u1ed1ng \u0111\u01b0\u1ee3c g\u1eafn, m\u1eabu ch\u1ec9 c\u00f3 th\u1ec3 b\u1ecb x\u00f3a qua API (flagSystemOverride)."},"86c66b6c28f25016de70be40475eb881":{"text":"API: $template->flagSystem = 1; \/\/ho\u1eb7c 0 \u0111\u1ec3 v\u00f4 hi\u1ec7u"},"0b81495a48a77b7743e0a20fa02e6af9":{"text":"T\u00ean l\u1edbp c\u1ee7a Trang"},"cfab2e7a62a89871220c3ebac5367331":{"text":"T\u00ean l\u1edbp PHP \u0111\u01b0\u1ee3c d\u00f9ng \u0111\u1ec3 t\u1ea1o trang s\u1eed d\u1ee5ng m\u1eabu n\u00e0y. M\u1eb7c \u0111\u1ecbnh c\u00e1c trang \u0111\u01b0\u1ee3c t\u1ea1o s\u1eed d\u1ee5ng l\u1edbp Page. B\u1ea1n n\u00ean \u0111\u1ec3 tr\u1ed1ng m\u1ee5c n\u00e0y tr\u1eeb khi b\u1ea1n c\u00f3 m\u1ed9t l\u1edbp kh\u00e1c m\u1edf r\u1ed9ng t\u1eeb l\u1edbp Page."},"9278bd133a7f5cd50f24a5a253f8ac9b":{"text":"API: $template->pageClass = \"ClassName\","},"85ac227eb16808008afaf07f66cf0f7e":{"text":"B\u1ecf qua c\u00e1c tr\u01b0\u1eddng to\u00e0n c\u1ee5c?"},"fd83133f05e8bacf7eb368a2d95de8fe":{"text":"Theo m\u1eb7c \u0111\u1ecbnh khi m\u1ed9t tr\u01b0\u1eddng \u0111\u01b0\u1ee3c ch\u1ecdn l\u00e0 'to\u00e0n c\u1ee5c' n\u00f3 s\u1ebd \u0111\u01b0\u1ee3c y\u00eau c\u1ea7u b\u1eaft bu\u1ed9c tr\u00ean t\u1ea5t c\u1ea3 c\u00e1c m\u1eabu (v\u00e0 t\u1ef1 \u0111\u1ed9ng \u0111\u01b0\u1ee3c th\u00eam v\u00e0o b\u1ea5t k\u1ef3 c\u00e1c m\u1eabu kh\u00e1c ch\u01b0a c\u00f3 n\u00f3). N\u1ebfu m\u1eabu n\u00e0y c\u00f3 m\u1ee5c \u0111\u00edch \u0111\u1eb7c bi\u1ec7t m\u00e0 c\u00e1c tr\u01b0\u1eddng 'to\u00e0n c\u1ee5c' s\u1ebd kh\u00f4ng \u00e1p d\u1ee5ng, b\u1ea1n c\u00f3 th\u1ec3 ch\u1ecdn \u00f4 ch\u1ecdn \u0111\u1ec3 m\u1eabu n\u00e0y b\u1ecf qua c\u00e1c tr\u01b0\u1eddng to\u00e0n c\u1ee5c."},"381e3cba7a92b2d007d0d534a58b17ff":{"text":"API: $template->noGlobal = 1; \/\/ ho\u1eb7c 0 \u0111\u1ec3 v\u00f4 hi\u1ec7u"},"0176d878928026caefe7c81262335e1d":{"text":"Hi\u1ec3n th\u1ecb t\u00ean c\u1ee7a tr\u01b0\u1eddng trong ph\u1ea7n n\u1ed9i dung?"},"61788997b579a9bcfe17e394d394ad01":{"text":"Theo m\u1eb7c \u0111\u1ecbnh, tr\u01b0\u1eddng 't\u00ean' c\u00f3 s\u1eb5n s\u1ebd xu\u1ea5t hi\u1ec7n trong ph\u1ea7n bi\u00ean t\u1eadp trang, th\u1ebb 'Thi\u1ebft l\u1eadp'. N\u1ebfu b\u1ea1n mu\u1ed1n ph\u1ea7n \u0111\u00f3 xu\u1ea5t hi\u1ec7n trong th\u1ebb 'content', nh\u1ea5p ch\u1ecdn \u00f4 n\u00e0y."},"e864c0d94cbc5dc0faf1ce78d9021e63":{"text":"API: $template->nameContentTab = 1; \/\/ho\u1eb7c 0 \u0111\u1ec3 v\u00f4 hi\u1ec7u"},"42a6e7a5ed0d0ae111fa88a2ccf1aca2":{"text":"Kh\u00f4ng cho ph\u00e9p c\u00e1c trang di chuy\u1ec3n?"},"518270f594c5488ff1f8de2ac0429f0e":{"text":"N\u1ebfu b\u1ea1n kh\u00f4ng mu\u1ed1n c\u00e1c trang s\u1eed d\u1ee5ng m\u1eabu n\u00e0y b\u1ecb di chuy\u1ec3n (thay \u0111\u1ed5i th\u01b0 m\u1ee5c c\u1ea5p tr\u00ean) th\u00ec h\u00e3y nh\u1ea5p ch\u1ecdn \u00f4 n\u00e0y."},"7ee14ea7ba968378f99fb3efa7ac22da":{"text":"API: $template->noMove = 1; \/\/ho\u1eb7c 0 \u0111\u1ec3 v\u00f4 hi\u1ec7u"},"b919a5aafc6740109c0c58fe51916178":{"text":"Kh\u00f4ng cho ph\u00e9p c\u00e1c trang thay \u0111\u1ed5i m\u1eabu?"},"6bb5af6d5240fb8b1d720a7e5bec4497":{"text":"Khi \u0111\u01b0\u1ee3c ch\u1ecdn, c\u00e1c trang s\u1eed d\u1ee5ng m\u1eabu n\u00e0y s\u1ebd kh\u00f4ng th\u1ec3 \u0111\u01b0\u1ee3c chuy\u1ec3n sang m\u1eabu kh\u00e1c."},"5c9171f7b16eac3245d2e5f3e79aadbc":{"text":"API: $template->noChangeTemplate = 1; \/\/ ho\u1eb7c 0 \u0111\u1ec3 v\u00f4 hi\u1ec7u"},"29f47bc61ea7a6f45ee3d36da3a3feff":{"text":"Kh\u00f4ng cho ph\u00e9p ng\u01b0ng xu\u1ea5t b\u1ea3n trang"},"94c9fe9ddbd9380ceb726bef40232ea3":{"text":"Khi ch\u1ecdn, c\u00e1c trang s\u1eed d\u1ee5ng m\u1eabu n\u00e0y s\u1ebd ch\u1ec9 t\u1ed3n t\u1ea1i \u1edf tr\u1ea1ng th\u00e1i \u0111\u00e3 xu\u1ea5t b\u1ea3n, t\u1ee9c s\u1ebd lu\u00f4n hi\u1ec3n th\u1ecb tr\u00ean trang ch\u1ee7."},"691edb2dd99517cf0e15dbf596e10cc5":{"text":"API: $template->noUnpublish = 1; \/\/ ho\u1eb7c 0 \u0111\u1ec3 v\u00f4 hi\u1ec7u"},"19a460b1edf9cc0616cd0ce03e9a0ddf":{"text":"V\u00f4 hi\u1ec7u ch\u1ee9c n\u0103ng Th\u00f9ng r\u00e1c"},"38354c9531a0d7056f7f98de8810a2f1":{"text":"Khi ch\u1ecdn c\u00e1c trang s\u1eed d\u1ee5ng m\u1eabu n\u00e0y s\u1ebd kh\u00f4ng c\u00f3 t\u00f9y ch\u1ecdn di chuy\u1ec3n v\u00e0o Th\u00f9ng r\u00e1c"},"69385004eb4f22d17482beb09e549453":{"text":"API: $template->noTrash = 1; \/\/ ho\u1eb7c 0 \u0111\u1ec3 v\u00f4 hi\u1ec7u"},"a7c1ec59b9f4fea9e41e1ca799437193":{"text":"\u1ea8n th\u1ebb Thi\u1ebft l\u1eadp?"},"abad59d4cf5691fd0506cb650dff0f5b":{"text":"Khi ch\u1ecdn c\u00e1c trang s\u1eed d\u1ee5ng m\u1eabu n\u00e0y s\u1ebd kh\u00f4ng c\u00f3 th\u1ebb 'Thi\u1ebft l\u1eadp' trong ph\u1ea7n bi\u00ean t\u1eadp."},"6a90024dcca935af3329542c3f346229":{"text":"API: $template->noSettings = 1; \/\/ ho\u1eb7c 0 \u0111\u1ec3 v\u00f4 hi\u1ec7u"},"6064635b0dec3189859052c02adc0fc5":{"text":"Cho ph\u00e9p 'ng\u01b0\u1eddi d\u00f9ng \u0111\u01b0\u1ee3c t\u1ea1o' thay \u0111\u1ed5i trang?"},"16a657e6bf4576ef101f1bcca129694c":{"text":"Khi ch\u1ecdn, c\u00e1c trang s\u1eed d\u1ee5ng m\u1eabu n\u00e0y s\u1ebd c\u00f3 l\u1ef1a ch\u1ecdn \u0111\u1ec3 thay \u0111\u1ed5i 'ng\u01b0\u1eddi d\u00f9ng \u0111\u01b0\u1ee3c t\u1ea1o' (ch\u1ec9 \u0111\u1ed1i v\u1edbi ng\u01b0\u1eddi d\u00f9ng c\u1ea5p cao). \u0110i\u1ec1u n\u00e0y c\u0169ng s\u1ebd b\u1eadt $page->createdUser ho\u1eb7c $page->created_users_id \u0111\u1ec3 c\u00f3 th\u1ec3 \u0111\u01b0\u1ee3c l\u01b0u qua API."},"1684cd1767cda6618ed92febec9e78c6":{"text":"API: $template->allowChangeUser = 1; \/\/ or 0 \u0111\u1ec3 v\u00f4 hi\u1ec7u, m\u1eb7c \u0111\u1ecbnh l\u00e0 0."},"a8d7050d17168bae58f775f20d56eeba":{"text":"Cho ph\u00e9p trang s\u1eed d\u1ee5ng m\u1eabu n\u00e0y c\u00f3 th\u1ec3 t\u1ea1o trang c\u1ea5p d\u01b0\u1edbi?"},"0f79346b34fe5a07bf9ad38ef37e1723":{"text":"S\u1eed d\u1ee5ng m\u1eabu n\u00e0y cho c\u00e1c trang m\u1edbi?"},"6ab8ac5b13a48347d2ca00a38bb06f94":{"text":"V\u00ed d\u1ee5 c\u1ee7a m\u1ed9t m\u1eabu m\u00e0 b\u1ea1n kh\u00f4ng mu\u1ed1n s\u1eed d\u1ee5ng trong c\u00e1c trang m\u1edbi \u0111\u00f3 l\u00e0 m\u1eabu 'homepage'."},"1b50b9bdfa1846ef031dc3cc190267d6":{"text":"C\u00e1c m\u1eabu \u0111\u01b0\u1ee3c ch\u1ea5p nh\u1eadn trang c\u1ea5p tr\u00ean"},"8d3a827d5474c79dc3434e5e29f7a80f":{"text":"Ch\u1ecdn c\u00e1c m\u1eabu s\u1ebd \u0111\u01b0\u1ee3c ch\u1ea5p nh\u1eadn s\u1eed d\u1ee5ng nh\u01b0 c\u00e1c trang c\u1ea5p tr\u00ean c\u1ee7a trang s\u1eed d\u1ee5ng m\u1eabu n\u00e0y. Ch\u1ec9 d\u00f9ng khi b\u1ea1n mu\u1ed1n ch\u1ec9 \u0111\u1ecbnh \u0111\u1eb7c bi\u1ec7t v\u1ecb tr\u00ed c\u1ee7a c\u00e1c trang s\u1eed d\u1ee5ng m\u1eabu n\u00e0y."},"dc70febc65985c326b6d7a85502ddc0a":{"text":"N\u1ebfu kh\u00f4ng m\u1ee5c n\u00e0o \u0111\u01b0\u1ee3c ch\u1ecdn, b\u1ea5t k\u1ec3 m\u1eabu c\u1ea5p tr\u00ean n\u00e0o \u0111\u1ec1u \u0111\u01b0\u1ee3c cho ph\u00e9p, trong gi\u1edbi h\u1ea1n truy c\u1eadp c\u1ee7a ng\u01b0\u1eddi d\u00f9ng. M\u1ed9t v\u00ed d\u1ee5 nh\u01b0 m\u1ed9t m\u1eabu 'nh\u00e2n-vi\u00ean' s\u1ebd \u0111\u01b0\u1ee3c ch\u1ec9 ch\u1ea5p nh\u1eadn c\u00f3 c\u00e1c trang c\u1ea5p tr\u00ean s\u1eed d\u1ee5ng m\u1eabu 'th\u01b0-m\u1ee5c-c\u00f4ng-ty'."},"1e791aefe4014d2551110c4348279487":{"text":"C\u00e1c m\u1eabu \u0111\u01b0\u1ee3c ch\u1ea5p nh\u1eadn cho trang c\u1ea5p d\u01b0\u1edbi"},"fcdd2e278208618dfa795ed85ba1eb06":{"text":"Ch\u1ecdn c\u00e1c m\u1eabu s\u1ebd \u0111\u01b0\u1ee3c ch\u1ea5p nh\u1eadn s\u1eed d\u1ee5ng nh\u01b0 c\u00e1c trang c\u1ea5p d\u01b0\u1edbi c\u1ee7a trang s\u1eed d\u1ee5ng m\u1eabu n\u00e0y. Ch\u1ec9 d\u00f9ng khi b\u1ea1n mu\u1ed1n ch\u1ec9 \u0111\u1ecbnh \u0111\u1eb7c bi\u1ec7t v\u1ecb tr\u00ed c\u1ee7a c\u00e1c trang s\u1eed d\u1ee5ng m\u1eabu n\u00e0y."},"9927f70231db8b53612513d00b934a7c":{"text":"N\u1ebfu kh\u00f4ng m\u1ee5c n\u00e0o \u0111\u01b0\u1ee3c ch\u1ecdn, b\u1ea5t k\u1ec3 m\u1eabu c\u1ea5p d\u01b0\u1edbi n\u00e0o \u0111\u1ec1u \u0111\u01b0\u1ee3c cho ph\u00e9p, trong gi\u1edbi h\u1ea1n truy c\u1eadp c\u1ee7a ng\u01b0\u1eddi d\u00f9ng. M\u1ed9t v\u00ed d\u1ee5 nh\u01b0 m\u1ed9t m\u1eabu 'danh-s\u00e1ch-tin' s\u1ebd \u0111\u01b0\u1ee3c ch\u1ec9 ch\u1ea5p nh\u1eadn c\u00f3 c\u00e1c trang c\u1ea5p d\u01b0\u1edbi s\u1eed d\u1ee5ng m\u1eabu 'm\u1ee5c-tin' ho\u1eb7c m\u1eabu 'b\u1ea3n-tin-t\u1ee9c'."},"67c0041f81951ac9b6b46dd2311fb9aa":{"text":"T\u00f9y ch\u1ecdn s\u1eafp x\u1ebfp m\u1ee5c d\u01b0\u1edbi c\u1ea5p"},"2a233a750cca4cc7bde0dcc7f8a2c4ec":{"text":"N\u1ebfu b\u1ea1n mu\u1ed1n c\u00e1c m\u1ee5c d\u01b0\u1edbi c\u1ea5p t\u1ef1 \u0111\u1ed9ng s\u1eafp x\u1ebfp theo m\u1ed9t tr\u01b0\u1eddng ch\u1ec9 \u0111\u1ecbnh, ch\u1ecdn tr\u01b0\u1eddng \u0111\u00f3 \u1edf \u0111\u00e2y. Ho\u1eb7c c\u00f3 th\u1ec3 ch\u1ecdn \"Kh\u00f4ng ch\u1ecdn\" \u0111\u1ec3 thi\u1ebft l\u1eadp theo t\u1eebng trang. T\u00f9y ch\u1ecdn n\u00e0y s\u1ebd ghi \u0111\u00e8 l\u00ean thi\u1ebft l\u1eadp c\u1ee7a trang, v\u1eady n\u00ean n\u1ebfu b\u1ea1n ch\u1ecdn c\u00e1ch th\u1ee9c n\u00e0o \u0111\u00f3 ngo\u00e0i \"Kh\u00f4ng ch\u1ecdn\", t\u00f9y ch\u1ecdn s\u1eafp x\u1ebfp s\u1ebd kh\u00f4ng xu\u1ea5t hi\u1ec7n trong c\u00e1c trang s\u1eed d\u1ee5ng m\u1eabu n\u00e0y."},"fd80e24b28f66f7a579ced68340fd3fa":{"text":"Cho ph\u00e9p s\u1eed d\u1ee5ng s\u1ed1 trang?"},"8bda693211f46eb289c8bdadedaf54ae":{"text":"N\u1ebfu \u0111\u01b0\u1ee3c ch\u1ecdn, c\u00e1c trang s\u1eed d\u1ee5ng m\u1eabu n\u00e0y s\u1ebd ch\u1ea5p nh\u1eadn s\u1ed1 trang trong \u0111o\u1ea1n URL d\u1ea1ng 'page123', trong \u0111\u00f3 '123' c\u00f3 th\u1ec3 l\u00e0 b\u1ea5t k\u1ef3 s\u1ed1 d\u01b0\u01a1ng n\u00e0o. V\u00ed d\u1ee5, n\u1ebfu c\u00f3 m\u1ed9t y\u00eau c\u1ea7u URL '\/widgets\/page3', s\u1ebd t\u1ef1 \u0111\u1ed9ng g\u00e1n $input->pageNum = 3. B\u1eb1ng c\u00e1ch n\u00e0y c\u00f3 th\u1ec3 d\u00f9ng \u0111\u1ec3 ph\u00e2n trang b\u00e0i vi\u1ebft v\u00e0 ch\u1ec9 n\u00ean \u0111\u01b0\u1ee3c b\u1eadt v\u1edbi c\u00e1c m\u1eabu c\u00f3 h\u1ed7 tr\u1ee3 ph\u00e2n trang. Ghi nh\u1edb l\u00e0 c\u00e1c s\u1ed1 trang b\u1eaft \u0111\u1ea7u t\u1eeb 1 (kh\u00f4ng ph\u1ea3i 0). N\u1ebfu \u0111\u01b0\u1ee3c gh\u00e9p v\u1edbi c\u00e1c \u0111o\u1ea1n URL (xem ph\u1ea7n t\u1edbi), c\u00e1c s\u1ed1 trang s\u1ebd s\u1eed d\u1ee5ng ph\u1ea7n cu\u1ed1i c\u1ee7a URL."},"69b2806a857d0fb5778a31c1f88f59a0":{"text":"Truy c\u1eadp s\u1ed1 trang t\u1eeb m\u1eabu b\u1eb1ng $input->pageNum;"},"3a426f05b968cc7c6022ac1388e7d8e7":{"text":"Cho ph\u00e9p ph\u00e2n \u0111o\u1ea1n URL?"},"edf7d3cbbda60af5148285cec1cd7569":{"text":"M\u1eabu n\u00e0y c\u00f3 th\u1ec3 hi\u1ec3n th\u1ecb c\u00e1c ph\u00e2n \u0111o\u1ea1n URL c\u1ea5p d\u01b0\u1edbi c\u1ee7a trang s\u1eed d\u1ee5ng m\u1eabu. V\u00ed d\u1ee5, b\u1ea1n c\u00f3 th\u1ec3 mu\u1ed1n m\u1ed9t trang v\u1edbi \u0111\u01b0\u1eddng d\u1eabn \/path\/to\/page\/ c\u0169ng c\u00f3 th\u1ec3 tr\u1ea3 l\u1eddi y\u00eau c\u1ea7u cho c\u1ea3 \/path\/to\/page\/segment1\/ ho\u1eb7c \/path\/to\/page\/segment1\/ segment2\/. Theo m\u1eb7c \u0111\u1ecbnh, h\u1ec7 th\u1ed1ng s\u1ebd tr\u1ea3 v\u1ec1 'L\u1ed7i 404 Kh\u00f4ng t\u00ecm th\u1ea5y trang' n\u1ebfu nh\u01b0 kh\u00e1ch truy c\u1eadp m\u1ed9t \u0111\u1ecba ch\u1ec9 nh\u01b0 v\u1eady. Nh\u01b0ng n\u1ebfu b\u1ea1n mu\u1ed1n h\u1ec7 th\u1ed1ng v\u1eabn t\u1ea3i trang nh\u01b0 v\u1eady, ch\u1ecdn \u00f4 ch\u1ecdn \u1edf d\u01b0\u1edbi. B\u1ea1n c\u00f3 th\u1ec3 ki\u1ec3m tra th\u1ee7 c\u00f4ng ph\u00e2n \u0111o\u1ea1n URL t\u1eeb t\u1eadp tin m\u1eabu \u0111\u1ec3 c\u00f3 tr\u1ea3 l\u1eddi t\u01b0\u01a1ng \u1ee9ng t\u1edbi c\u00e1c y\u00eau c\u1ea7u."},"8c8b0529510e126bc81359c5a2ae3482":{"text":"H\u1ec7 th\u1ed1ng h\u1ed7 tr\u1ee3 t\u1ed1i \u0111a 3 ph\u00e2n \u0111o\u1ea1n URL sau li\u00ean k\u1ebft URL c\u1ee7a trang. C\u00e1c ph\u00e2n \u0111o\u1ea1n c\u00f3 th\u1ec3 l\u00e0 k\u1ebft h\u1ee3p gi\u1eefa ch\u1eef c\u00e1i, ch\u1eef s\u1ed1, g\u1ea1ch ngang ho\u1eb7c g\u1ea1ch d\u01b0\u1edbi (a-z A-Z 0-9 - _). B\u1ea1n c\u00f3 th\u1ec3 truy c\u1eadp ph\u00e2n \u0111o\u1ea1n URL t\u1eeb m\u1eabu b\u1eb1ng c\u00e1ch d\u00f9ng m\u00e3 t\u1eeb API truy v\u1ea5n $input->urlSegment(n) ho\u1eb7c $input->urlSegment[n], trong \u0111\u00f3 [n] = 1,2 ho\u1eb7c 3."},"3f7071fb2ff5f5a0218c696722986007":{"text":"V\u00ed d\u1ee5, URL l\u00e0 \/path\/to\/page\/a\/b\/c\/, trong \u0111\u00f3 \/path\/to\/page\/ l\u00e0 \u0111\u01b0\u1eddng d\u1eabn c\u1ee7a trang, v\u00e0 \/a\/b\/c\/ l\u00e0 ph\u00e2n \u0111o\u1ea1n URL: $input->urlSegment1 l\u00e0 \"a\", $input->urlSegment2 tr\u1ea3 v\u1ec1 \"b\", v\u00e0 $input->urlSegment3 tr\u1ea3 v\u1ec1 \"c\". N\u1ebfu b\u1ea3n m\u1eabu nh\u1eadn m\u1ed9t ph\u00e2n \u0111o\u1ea1n kh\u00f4ng r\u00f5, t\u1ed1t nh\u1ea5t l\u00e0 ng\u01b0ng x\u1eed l\u00ed y\u00eau c\u1ea7u v\u00e0 tr\u1ea3 v\u1ec1 l\u1ed7i 404. M\u00e3 API \u0111\u1ec3 l\u00e0m vi\u1ec7c n\u00e0y l\u00e0: throw new Wire404Exception();"},"d5bf40c0f8c27c98db4d65ebc8cdc0c7":{"text":"URL c\u1ee7a trang k\u1ebft th\u00fac b\u1eb1ng d\u1ea5u g\u1ea1ch ch\u00e9o '\/' ?"},"60cb362641cd33525562c9d62d0f8d18":{"text":"N\u1ebfu ch\u1ecdn c\u00f3, c\u00e1c trang s\u1eed d\u1ee5ng m\u1eabu n\u00e0y s\u1ebd lu\u00f4n c\u00f3 URL k\u1ebft th\u00fac v\u1edbi 1 d\u1ea5u '\/'. V\u00e0 n\u1ebfu trang \u0111\u01b0\u1ee3c t\u1ea3i t\u1eeb li\u00ean k\u1ebft kh\u00f4ng c\u00f3 d\u1ea5u '\/', n\u00f3 s\u1ebd t\u1ef1 \u0111\u1ed9ng \u0111\u01b0\u1ee3c chuy\u1ec3n ti\u1ebfp \u0111\u1ebfn \u0111\u00f3. N\u1ebfu b\u1ea1n ch\u1ecdn kh\u00f4ng, h\u1ec7 th\u1ed1ng s\u1ebd kh\u00f4ng b\u1eaft bu\u1ed9c vi\u1ec7c  th\u00eam d\u1ea5u '\/'. Ghi ch\u00fa: T\u00f9y ch\u1ecdn n\u00e0y kh\u00f4ng b\u1eaft bu\u1ed9c c\u00e1ch x\u1eed l\u00ed n\u00e0y tr\u00ean ph\u00e2n \u0111o\u1ea1n URL hay v\u1edbi s\u1ed1 trang, ch\u1ec9 c\u00f3 t\u00e1c d\u1ee5ng v\u1edbi URL g\u1ed1c c\u1ee7a trang. N\u1ebfu b\u1ea1n kh\u00f4ng r\u00f5, h\u00e3y ch\u1ecdn 'C\u00f3'."},"249e45d525f325778f98cdd90eaf0b32":{"text":"HTTP hay HTTPS"},"d50c90d8cbe8ba3ac7178aeb59f93b68":{"text":"ch\u1ec9 HTTPS (\u0111\u00e3 m\u00e3 h\u00f3a SSL)"},"ea43e91e88d8e9dd3cd46d5470fb71d6":{"text":"ch\u1ec9 HTTP"},"ecb1f1de9e0f813e37e40e2aa016c008":{"text":"N\u1ebfu nh\u01b0 h\u1ec7 th\u1ed1ng website c\u00f3 ch\u1ee9ng nh\u1eadn SSL v\u00e0 c\u00f3 th\u1ec3 truy c\u1eadp qua ph\u01b0\u01a1ng th\u1ee9c HTTPS, b\u1ea1n c\u00f3 th\u1ec3 thi\u1ebft l\u1eadp c\u00e1c trang s\u1eed d\u1ee5ng m\u1eabu n\u00e0y \u1edf d\u1ea1ng c\u00f3 th\u1ec3 truy c\u1eadp \u0111\u01b0\u1ee3c qua HTTPS hay HTTP. V\u00ed d\u1ee5, b\u1ea1n ch\u1ecdn 'ch\u1ec9 HTTPS' \u1edf d\u01b0\u1edbi, v\u00e0 m\u1ed9t y\u00eau c\u1ea7u t\u1ea3i trang th\u00f4ng qua HTTP, h\u1ec7 th\u1ed1ng s\u1ebd t\u1ef1 \u0111\u1ed9ng chuy\u1ec3n ti\u1ebfp \u0111\u1ebfn b\u1ea3n HTTPS. Theo m\u1eb7c \u0111\u1ecbnh, h\u1ec7 th\u1ed1ng cho ph\u00e9p k\u1ebft n\u1ed1i t\u1eeb HTTP ho\u1eb7c HTTPS."},"707380d7bcc2ece9eead5a5879fb1c22":{"text":"B\u1ea1n c\u00f3 mu\u1ed1n qu\u1ea3n l\u00fd vi\u1ec7c xem v\u00e0 ch\u1ec9nh s\u1eeda c\u00e1c trang s\u1eed d\u1ee5ng m\u1eabu n\u00e0y?"},"22ac5f69365966a7ce509e349b23539a":{"text":"N\u1ebfu b\u1ea1n ch\u1ecdn 'C\u00f3' b\u1ea1n c\u00f3 th\u1ec3 x\u00e1c \u0111\u1ecbnh vai tr\u00f2 n\u00e0o c\u00f3 th\u1ec3 truy c\u1eadp trang s\u1eed d\u1ee5ng m\u1eabu n\u00e0y. N\u1ebfu b\u1ea1n ch\u1ecdn 'Kh\u00f4ng' th\u00ec c\u00e1c trang s\u1eed d\u1ee5ng m\u1eabu n\u00e0y s\u1ebd th\u1eeba k\u1ebf c\u00e1c quy\u1ec1n truy c\u1eadp c\u1ee7a trang c\u1ea5p tr\u00ean."},"26b6d64574e88f30f407e16212dc4d57":{"text":"X\u1eed l\u00ed th\u1ebf n\u00e0o khi ng\u01b0\u1eddi d\u00f9ng kh\u00f4ng c\u00f3 quy\u1ec1n truy c\u1eadp m\u00e0 v\u1eabn truy c\u1eadp?"},"e13c4cbb7f089450e12b10561001f9e1":{"text":"N\u1ebfu m\u1ed9t ng\u01b0\u1eddi d\u00f9ng th\u1eed truy c\u1eadp m\u1ed9t trang s\u1eed d\u1ee5ng m\u1eabu n\u00e0y, v\u00e0 kh\u00f4ng c\u00f3 quy\u1ec1n truy c\u1eadp trang, c\u1ea7n x\u1eed l\u00ed nh\u01b0 th\u1ebf n\u00e0o?"},"998806f5cd0395d2ea2c406b57463397":{"text":"Hi\u1ec3n th\u1ecb trang l\u1ed7i 404"},"1adb25e12d2b0d06683c3dc04e833631":{"text":"Hi\u1ec3n th\u1ecb trang \u0111\u0103ng nh\u1eadp: %s"},"225237dc381e612f4bbf08dd75efdb71":{"text":"Chuy\u1ec3n \u0111\u1ebfn m\u1ed9t \u0111\u1ecba ch\u1ec9 kh\u00e1c"},"6b01f3d73dbcea918c2e08424f41c87c":{"text":"Nh\u1eadp \u0111\u1ecba ch\u1ec9 URL c\u1ea7n chuy\u1ec3n ng\u01b0\u1eddi d\u00f9ng \u0111\u1ebfn khi h\u1ecd kh\u00f4ng c\u00f3 quy\u1ec1n truy c\u1eadp"},"b12715241d6f9d36629e189651930f08":{"text":"Tr\u01b0\u1eddng n\u00e0y ch\u1ec9 c\u00f3 hi\u1ec7u l\u1ef1c khi b\u1ea1n ch\u1ecdn \"chuy\u1ec3n \u0111\u1ebfn m\u1ed9t \u0111\u1ecba ch\u1ec9 kh\u00e1c\" trong ph\u1ea7n tr\u00ean."},"2f2055affca16d8404e278fc1d6c3a07":{"text":"Kh\u00f4ng b\u1eaft bu\u1ed9c: Trong URL c\u1ee7a b\u1ea1n, b\u1ea1n c\u00f3 th\u1ec3 bao g\u1ed3m th\u1ebb '{id}' (c\u00f3 th\u1ec3 l\u00e0 bi\u1ebfn GET), v\u00e0 n\u00f3 s\u1ebd \u0111\u01b0\u1ee3c thay th\u1ebf b\u1eb1ng ID c\u1ee7a trang c\u1ea7n y\u00eau c\u1ea7u n\u1ebfu nh\u01b0 b\u1ea1n mu\u1ed1n."},"77b116ba76d6cad7420de0729f5437cb":{"text":"Cho ph\u00e9p trang c\u00f3 trong k\u1ebft qu\u1ea3 t\u00ecm ki\u1ebfm n\u1ebfu ng\u01b0\u1eddi d\u00f9ng kh\u00f4ng c\u00f3 quy\u1ec1n truy c\u1eadp?"},"6ceb6814781363fa5e58fc38fe5910a1":{"text":"N\u1ebfu ng\u01b0\u1eddi d\u00f9ng kh\u00f4ng c\u00f3 quy\u1ec1n truy c\u1eadp trang s\u1eed d\u1ee5ng m\u1eabu n\u00e0y, c\u1ea7n x\u1eed l\u00ed th\u1ebf n\u00e0o trong khi t\u00ecm ki\u1ebfm v\u00e0 danh s\u00e1ch trang?"},"9afb9f536d5471f188308f8e160a555c":{"text":"C\u00f3 - C\u00e1c trang c\u00f3 th\u1ec3 xu\u1ea5t hi\u1ec7n trong danh s\u00e1ch t\u00ecm ki\u1ebfm ngay c\u1ea3 khi ng\u01b0\u1eddi d\u00f9ng kh\u00f4ng c\u00f3 quy\u1ec1n xem"},"ac32650de5a87d0e83f088edcefbc9a8":{"text":"Kh\u00f4ng - C\u00e1c trang c\u00f3 th\u1ec3 kh\u00f4ng xu\u1ea5t hi\u1ec7n trong danh s\u00e1ch t\u00ecm ki\u1ebfm, tr\u1eeb khi ng\u01b0\u1eddi d\u00f9ng c\u00f3 quy\u1ec1n xem"},"724da4546b6908025f8a9fa99885297f":{"text":"Ghi ch\u00fa API: T\u00f9y ch\u1ecdn n\u00e0y \u1ea3nh h\u01b0\u1edfng \u0111\u1ebfn c\u00e1c k\u1ebft qu\u1ea3 tr\u1ea3 v\u1ec1 t\u1eeb: $pages->find(), $page->childrent() v\u00e0 c\u00e1c h\u00e0m s\u1ed1 tr\u1ea3 v\u1ec1 PageArrays kh\u00e1c."},"e91c9dce55b792f0254aeb69ba314f17":{"text":"Vai tr\u00f2 n\u00e0o c\u00f3 th\u1ec3 truy c\u1eadp c\u00e1c trang s\u1eed d\u1ee5ng m\u1eabu n\u00e0y (v\u00e0 c\u00e1c trang th\u1eeba k\u1ebf t\u1eeb n\u00f3)?"},"13944cf77acdf1b9e49f6383c101ae89":{"text":"(t\u1ea5t c\u1ea3 m\u1ecdi ng\u01b0\u1eddi)"},"211addf77f182a8c4e3b0911eb82e05f":{"text":"\u0110\u00e3 x\u00f3a m\u1eabu"},"ce79a399cbe0a2128106c428d5f5227c":{"text":"\u0110\u00e3 l\u01b0u m\u1eabu: %s"},"0ad1fc6237db839537da704c90b40c53":{"text":"\u0110\u00e3 t\u1ea1o b\u1ea3n sao c\u1ee7a m\u1eabu \"%1$s\" v\u1edbi t\u00ean \"%2$s\". B\u1ea1n c\u00f3 th\u1ec3 s\u1eeda l\u1ea1i t\u00ean c\u1ee7a \"%2$s\" b\u1eb1ng c\u00e1ch nh\u1ea5p chu\u1ed9t ch\u1ec9nh s\u1eeda trong m\u1ee5c N\u00e2ng cao."},"dbb2a9bf7f53894204e7b75a4a323fa2":{"text":"L\u1ed7i t\u1ea1o b\u1ea3n sao c\u1ee7a m\u1eabu n\u00e0y"},"a9b81f1f8d87e20c79d70ad42cc924e3":{"text":"\u0110\u00e3 sao c\u00e1c tr\u01b0\u1eddng t\u1eeb \"%1$s\" cho \"%2$s\""},"a2b2765c9702ca543cd769b157062377":{"text":"Tr\u01b0\u1eddng \"%s\" c\u00f3 th\u1ec3 kh\u00f4ng \u0111\u01b0\u1ee3c x\u00f3a b\u1ecf v\u00ec n\u00f3 \u0111\u01b0\u1ee3c y\u00eau c\u1ea7u b\u1edfi t\u1ea5t c\u1ea3 c\u00e1c nh\u00f3m tr\u01b0\u1eddng."},"6e82edd479b2b5c07f250031d13a9b92":{"text":"\u0110\u00e3 l\u01b0u nh\u00f3m tr\u01b0\u1eddng %s"},"fddc330c21a2e3fa08c9af7307dd2046":{"text":"C\u00e1c tr\u01b0\u1eddng s\u1ebd b\u1ecb x\u00f3a"},"c69da3a709ad376098eb517be436a12b":{"text":"B\u1ea1n v\u1eeba y\u00eau c\u1ea7u thay \u0111\u1ed5i nh\u00f3m tr\u01b0\u1eddng t\u1eeb \"%1$s\" th\u00e0nh \"%2$s\"."},"0cd878f5f6c3ecd2d309d74c608cf0e3":{"text":"C\u00e1c tr\u01b0\u1eddng sau \u0111\u00e2y s\u1ebd b\u1ecb x\u00f3a ngay l\u1eadp t\u1ee9c tr\u00ean c\u00e1c trang s\u1eed d\u1ee5ng m\u1eabu n\u00e0y:"},"794ed990b58e042f53c8e1b0f9c48b77":{"text":"H\u00e3y x\u00e1c nh\u1eadn b\u1ea1n hi\u1ec3u r\u00f5 th\u00f4ng tin \u1edf tr\u00ean v\u00e0 b\u1ea1n mu\u00f4n thay \u0111\u1ed5i nh\u00f3m tr\u01b0\u1eddng b\u1eb1ng c\u00e1ch nh\u1ea5p ch\u1ecdn \u00f4 ch\u1ecdn v\u00e0 g\u1eedi \u0111i th\u00f4ng tin."},"1a1e5b08d1538484177a49ce2168b297":{"text":"H\u00e3y x\u00e1c nh\u1eadn b\u1ea1n mu\u1ed1n thay \u0111\u1ed5i nh\u00f3m tr\u01b0\u1eddng t\u1eeb \"%1$s\" th\u00e0nh \"%2$s\""},"95faabcca5ce9361cfbbfdac564540a6":{"text":"Thay \u0111\u1ed5i nh\u00f3m tr\u01b0\u1eddng cho m\u1eabu: %s"},"48a72eabb7f3f13f0d942bb2cdfe9811":{"text":"Thay \u0111\u1ed5i nh\u00f3m tr\u01b0\u1eddng \u0111\u00e3 b\u1ecb d\u1eebng"},"62596dd3b1918d492b97f5945dc8aea8":{"text":"\u0110\u00e3 thay \u0111\u1ed5i nh\u00f3m tr\u01b0\u1eddng c\u1ee7a m\u1eabu th\u00e0nh: %s"},"b58b1fada0411080ca80b5199d2e56ce":{"text":"X\u00f3a c\u00e1c tr\u01b0\u1eddng trong m\u1eabu: %s"},"b82a3ccab15c9f7ea79ccae4fb4b7c3a":{"text":"X\u00f3a c\u00e1c tr\u01b0\u1eddng trong m\u1eabu"},"297401f75a53c46e41a44c9d91738f1e":{"text":"B\u1ea1n v\u1eeba y\u00eau c\u1ea7u x\u00f3a b\u1ecf m\u1ed9t ho\u1eb7c nhi\u1ec1u tr\u01b0\u1eddng th\u00f4ng tin trong m\u1eabu. Vi\u1ec7c l\u00e0m n\u00e0y s\u1ebd x\u00f3a c\u00e1c d\u1eef li\u1ec7u li\u00ean quan v\u1edbi tr\u01b0\u1eddng. N\u1ebfu c\u00e1c tr\u01b0\u1eddng c\u00f3 ch\u1ee9a nhi\u1ec1u d\u1eef li\u1ec7u, h\u1ec7 th\u1ed1ng s\u1ebd c\u1ea7n nhi\u1ec1u th\u1eddi gian \u0111\u1ec3 th\u1ef1c hi\u1ec7n sau khi b\u1ea1n g\u1eedi y\u00eau c\u1ea7u. H\u00e3y x\u00e1c nh\u1eadn l\u00e0 b\u1ea1n hi\u1ec3u v\u00e0 mu\u1ed1n ti\u1ebfp t\u1ee5c x\u00f3a c\u00e1c tr\u01b0\u1eddng b\u1eb1ng c\u00e1ch ch\u1ecdn \u00f4 ch\u1ecdn \u1edf d\u01b0\u1edbi."},"b9b9ac08c6bde335d1b5758d4dfcd1da":{"text":"X\u00f3a tr\u01b0\u01a1ng \"%1$s\" t\u1eeb m\u1eabu \"%2$s\""},"3617ad2fed81de1357bb35b0459bf8b8":{"text":"M\u1eabu n\u00e0y kh\u00f4ng th\u1ec3 b\u1ecb \u0111\u1ed5i t\u00ean v\u00ec n\u00f3 l\u00e0 m\u1eabu h\u1ec7 th\u1ed1ng"},"690d663be740c77b16476dfd06a4a4b7":{"text":"T\u00ean \"%s\" \u0111\u00e3 \u0111\u01b0\u1ee3c s\u1eed d\u1ee5ng"},"7b2365f3c03bbf66c17531b39af975f9":{"text":"\u0110\u00e3 thay \u0111\u1ed5i t\u00ean m\u1eabu t\u1eeb \"%1$s\" th\u00e0nh \"%2$s\""},"348267a4dada558acc9b2cd1b68ad41e":{"text":"\u0110\u00e3 thay \u0111\u1ed5i t\u00ean c\u1ee7a t\u1eadp tin m\u1eabu \"%1$s\" th\u00e0nh \"%2$s\""},"ea24ff7efc7e185e1c6f8d52266fefdc":{"text":"Kh\u00f4ng th\u1ec3 \u0111\u1ed5i t\u00ean \"%1$s\" th\u00e0nh \"%2$s\" trong th\u01b0 m\u1ee5c \"%3$s\". B\u1ea1n c\u1ea7n \u0111\u1ed5i t\u00ean t\u1eadp tin tr\u00ean h\u1ec7 th\u1ed1ng b\u1eb1ng c\u00e1ch th\u1ee7 c\u00f4ng."},"cbb29209ccd6a869e389572e793b1f1b":{"text":"Kh\u00f4ng th\u1ec3 t\u00ecm th\u1ea5y t\u1eadp tin m\u1eabu \"%1$s\" trong th\u01b0 m\u1ee5c \"%2$s\". B\u1ea1n c\u1ea7n \u0111\u1ed5i t\u00ean t\u1eadp tin \"%3$s\" th\u00e0nh \"%1$s\" tr\u00ean h\u1ec7 th\u1ed1ng b\u1eb1ng c\u00e1ch th\u1ee7 c\u00f4ng."},"d40a1614c5e9e10db2d5d9f94a0482bb":{"text":"\u0110\u1ed5i t\u00ean m\u1eabu \"%1$s\" th\u00e0nh \"%2$s\""},"f7c1d3ba270aa43fe36e00ee3a1e9718":{"text":"H\u00e3y x\u00e1c nh\u1eadn l\u00e0 b\u1ea1n mu\u1ed1n \u0111\u1ed5i t\u00ean m\u1eabu n\u00e0y b\u1eb1ng c\u00e1ch ch\u1ecdn \u00f4 ch\u1ecdn \u1edf d\u01b0\u1edbi."},"82ae9be0c318ed67592703448c77d4d6":{"text":"T\u1eadp tin m\u1eabu \"%s\" kh\u00f4ng th\u1ec3 ghi, v\u1eady n\u00ean h\u1ec7 th\u1ed1ng s\u1ebd c\u1ed1 g\u1eafng th\u1eed \u0111\u1ed5i t\u00ean khi b\u1ea1n nh\u1ea5p chu\u1ed9t g\u1eedi y\u00eau c\u1ea7u."},"df3f89873c6527f24453345a6b7f263f":{"text":"T\u1eadp tin m\u1eabu \"%1$s\" kh\u00f4ng th\u1ec3 ghi. H\u00e3y \u0111\u1ed5i t\u00ean t\u1eadp tin th\u00e0nh \"%2$s\" tr\u01b0\u1edbc khi nh\u1ea5p chu\u1ed9t x\u00e1c nh\u1eadn g\u1eedi y\u00eau c\u1ea7u."},"29a2d50c9d90354a16943888d8e700da":{"text":"\u0110\u00e3 x\u00f3a tr\u01b0\u1eddng \"%1$s\" trong m\u1eabu\/nh\u00f3m tr\u01b0\u1eddng \"%2$s\""},"da49c8bb3f9748634bedc77fac9221f9":{"text":"\u0110\u00e3 th\u00eam tr\u01b0\u1eddng \"%1$s\" v\u00e0o m\u1eabu\/nh\u00f3m tr\u01b0\u1eddng \"%2$2\""},"7df96b18c230f90ada0a9e2307226338":{"text":"M\u1eabu"},"31a0330754505f0778be18e7b4dbc661":{"text":"Hi\u1ec3n th\u1ecb v\u00e0 ch\u1ec9nh s\u1eeda c\u00e1c m\u1eabu \u0111\u1ec3 \u0111i\u1ec1u khi\u1ec3n n\u1ed9i dung xu\u1ea5t ra t\u1eeb trang"},"6855bfdf44496210543dabeb8f88a1c0":{"text":"H\u1ec7 th\u1ed1ng"},"b16492fba46029659b0d16ce05bab82f":{"text":"Th\u00eam m\u1eabu m\u1edbi"},"e08a48beb01151e3dbd6c4b01d14d641":{"text":"Hi\u1ec7n t\u1ea5t c\u1ea3"},"2da33125162e59b2ff307fb050040ead":{"text":"T\u00ean"},"0934f0c8ef59c46cd3f23477dc242642":{"text":"Nh\u00e3n"},"6468942ecc94c202802ee17efdbda184":{"text":"Tr\u01b0\u1eddng"},"adc3250d7ccf9a0303cc0b44d70917d6":{"text":"Trang"},"bd1ab8d7a2147046de89d54d6d03f39d":{"text":"h\u1ec7 th\u1ed1ng"},"7de04564993d28e2b32be513c1575777":{"text":"quy\u1ec1n truy c\u1eadp"},"b81ec9ff37dd594fd51bb7b72bc82e34":{"text":"kh\u00f4ng-t\u1ed3n-t\u1ea1i-t\u1eadp-tin"},"0630333bf0b09b371182fe756dec526a":{"text":"D\u00f9ng ph\u00e2n \u0111o\u1ea1n URL"},"289abb71620e21f484c91df47d263eec":{"text":"D\u00f9ng s\u1ed1 trang"},"a90b5efafea041e94da7fffd2bd530a3":{"text":"C\u01a1 b\u1ea3n"},"2a138a3c1a54958a39f65b80e666b643":{"text":"Nh\u00e3n"},"799ef6a367b3b36deb5be25ef8e7c91a":{"text":"Quy\u1ec1n truy c\u1eadp"},"0daea515bb26aec31f4e6ebbee953cd7":{"text":"Nh\u00f3m\/K\u1ebf th\u1eeba"},"3be3efa6643b5a3f2af79ace0a5145c4":{"text":"N\u00e2ng cao"},"08b4ed72628b718cbe3158eb2eaf10a2":{"text":"H\u1ec7 th\u1ed1ng"},"ac97a1ad01bd7b48508de449e229a73d":{"text":"Nh\u1eadp v\u00e0o"},"b2a6343356c7cf0f4c1aae50c2cac1b7":{"text":"X\u00f3a"},"d5778a8b84efb3233d070016adb93326":{"text":"L\u01b0u"},"03a481d8869ea4aa815e15943c4577dd":{"text":"Nh\u00f3m tr\u01b0\u1eddng"},"2bcb87bddf14231177c0d5a7be879871":{"text":"Tr\u01b0\u1eddng"},"c900d3e459e4a6e87b601d950c86a3bb":{"text":"Tr\u01b0\u1eddng"},"3542eba15a5738faa3ec20dac5e8c2b1":{"text":"Th\u1eddi gian Cache"},"afd2f2d22bac5fd1faf1abf753685366":{"text":"Vai tr\u00f2"},"30a75d09489b9f6a393c3885b81ec0b1":{"text":"Xem trang"},"a42aa7fb5a74afbdcaf92c44bd99bd3c":{"text":"S\u1eeda trang"},"e431e1335b3c843758bbed8b021eeee9":{"text":"T\u1ea1o trang"},"46c22ba22392809d478c6f312de87f62":{"text":"Th\u00eam m\u1ee5c c\u1ea5p d\u01b0\u1edbi"},"a7e26a26319b0fc9973181a9d9c1baaa":{"text":"Ti\u1ebfp t\u1ee5c"},"af497bbd8d42241e09e0f593a8550aa3":{"text":"X\u00f3a tr\u01b0\u1eddng"},"e37f4fc0441c524ee5a89453f12178c8":{"text":"Th\u00eam m\u1eabu"},"0f12f2b440ad104a1ee7cb027aba8b18":{"text":"Th\u00eam nhi\u1ec1u m\u1eabu"},"adf92855ccc9fe04707fd12688a17c59":{"text":"M\u1eabu n\u00e0y \u0111\u01b0\u1ee3c d\u00f9ng b\u1edfi 1 trang"},"d26c2f7eb253b0202c2769f3dd232d96":{"text":"M\u1eabu n\u00e0y \u0111\u01b0\u1ee3c d\u00f9ng b\u1edfi %d trang"},"14bcc27345b2325a5e492384a734c1aa":{"text":"M\u1eabu n\u00e0y \u0111\u01b0\u1ee3c d\u00f9ng b\u1edfi 1 trang"},"957ba77c721f931f1ad38ed47b98fd0d":{"text":"M\u1eabu n\u00e0y \u0111\u01b0\u1ee3c d\u00f9ng b\u1edfi %d trang"},"65f037a0e08b94d9e42932b68c5eaf29":{"text":"Nh\u00f3m tr\u01b0\u1eddng thu\u1ed9c m\u1eabu n\u00e0y \u0111\u01b0\u1ee3c d\u00f9ng b\u1edfi 1 m\u1eabu kh\u00e1c"},"18dec3122ea08276dd94476904bcef7b":{"text":"Nh\u00f3m tr\u01b0\u1eddng thu\u1ed9c m\u1eabu n\u00e0y \u0111\u01b0\u1ee3c d\u00f9ng b\u1edfi %d m\u1eabu kh\u00e1c"},"115162847e362551c1dcaff31e64fa80":{"text":"C\u00e1ch th\u1ee9c\/Ph\u01b0\u01a1ng th\u1ee9c"}}}