{"file":"wire\/modules\/Process\/ProcessPageList\/ProcessPageList.module","textdomain":"wire--modules--process--processpagelist--processpagelist-module","translations":{"f4ec5f57bd4d31b803312d873be40da9":{"text":"Thay \u0111\u1ed5i"},"ea4788705e6873b424c65e91c2846b19":{"text":"H\u1ee7y b\u1ecf"},"e0626222614bdee31951d84c64e5e9ff":{"text":"Ch\u1ecdn"},"46b816f573557a53c93ac78bbcfa9493":{"text":"B\u1ecf ch\u1ecdn"},"d3da97e2d9aee5c8fbe03156ad051c99":{"text":"Hi\u1ec3n th\u1ecb th\u00eam"},"d95deddfb80310ff0d1d63013611777c":{"text":"Nh\u1ea5p gi\u1eef chu\u1ed9t \u0111\u1ec3 di chuy\u1ec3n"},"7dce122004969d56ae2e0245cb754d35":{"text":"S\u1eeda"},"4351cfebe4b61d8aa5efa1d020710005":{"text":"Xem"},"03c2e7e41ffc181a4e84080b4710e81e":{"text":"T\u1ea1o m\u1edbi"},"6bc362dbf494c61ea117fe3c71ca48a5":{"text":"Di chuy\u1ec3n"},"ce2c8aed9c2fa0cfbed56cbda4d8bf07":{"text":"L\u00e0m s\u1ea1ch"},"f413b7eb4ef50a382b0fe0cfe04fdc30":{"text":"Th\u00f9ng r\u00e1c \u0111ang m\u1edf: nh\u1ea5p gi\u1eef c\u00e1c trang v\u00e0 cho v\u00e0o \u1edf d\u01b0\u1edbi \u0111\u1ec3 di chuy\u1ec3n v\u00e0o th\u00f9ng r\u00e1c."},"de306d89ec101aba6fb73c6879710e6c":{"text":"404 - L\u1ed7i kh\u00f4ng t\u00ecm th\u1ea5y"},"e3afed0047b08059d0fada10f400c1e5":{"text":"Qu\u1ea3n l\u00fd"},"a7e253cd8dd95da3e20daf45519a8dc2":{"text":"Th\u00f9ng r\u00e1c"},"8cf04a9734132302f96da8e113e80ce5":{"text":"Trang ch\u1ee7"}}}