{"file":"wire\/modules\/Inputfield\/InputfieldRadios\/InputfieldRadios.module","textdomain":"wire--modules--inputfield--inputfieldradios--inputfieldradios-module","translations":{"cf8a8cf17df1b387458f33ace69f49be":{"text":"S\u1ed1 c\u1ed9t g\u1ed3m c\u00e1c \u00f4 ch\u1ecdn radio"},"9cf19cb880b90f114795a612ab1d660f":{"text":"N\u1ebfu nh\u01b0 b\u1ea1n mu\u1ed1n c\u00e1c \u00f4 ch\u1ecdn radio hi\u1ec3n th\u1ecb th\u00e0nh c\u00e1c c\u1ed9t (h\u01a1n l\u00e0 gh\u00e9p s\u00e1t nhau), nh\u1eadp v\u00e0o s\u1ed1 c\u1ed9t b\u1ea1n mu\u1ed1n d\u00f9ng (nhi\u1ec1u nh\u1ea5t 10). \u0110\u1ec3 hi\u1ec3n th\u1ecb c\u00e1c \u00f4 ch\u1ecdn c\u1ea1nh nhau tr\u00ean 1 d\u00f2ng, nh\u1eadp v\u00e0o 1."},"a4b7341d7cd692bd8fbd2595040ad78d":{"text":"N\u1ebfu kh\u00f4ng c\u00f3 gi\u00e1 tr\u1ecb s\u1ed1 n\u00e0o \u0111\u01b0\u1ee3c ch\u1ec9 \u0111\u1ecbnh \u1edf \u0111\u00e2y, m\u1ed7i \u00f4 ch\u1ecdn s\u1ebd xu\u1ea5t hi\u1ec7n tr\u00ean m\u1ed7i d\u00f2ng."},"7041d69f9024a46791714e59812fa68f":{"text":"\u00d4 ch\u1ecdn radio"},"692fd08ceebbbf5818d492fae7ebe7db":{"text":"\u00d4 ch\u1ecdn radio \u0111\u1ec3 ch\u1ecdn duy nh\u1ea5t m\u1ed9t m\u1ee5c n\u00e0o \u0111\u00f3"}}}