{"file":"wire\/modules\/Process\/ProcessPageType\/ProcessPageType.module","textdomain":"wire--modules--process--processpagetype--processpagetype-module","translations":{"49ee3087348e8d44e1feda1917443987":{"text":"T\u00ean"},"de9ced9bf5e9829de4a93ad8c9d7a170":{"text":"Th\u00eam m\u1edbi"},"89872ab3eb9af52f34b4dd82077758fc":{"text":"L\u1ecdc theo M\u1eabu"},"8cd0d0c99b062b3d22e8c7188ba33ab2":{"text":"Hi\u1ec7n t\u1ea5t c\u1ea3"},"6a5b847af3d97df722040debdbccfbed":{"text":"Ki\u1ec3u trang"},"3d10fda1b8b9895bade8da5233636cbf":{"text":"Li\u1ec7t k\u00ea, S\u1eeda v\u00e0 Th\u00eam c\u00e1c trang theo lo\u1ea1i trang ch\u1ec9 \u0111\u1ecbnh"},"bce455aa81509f2a4dbb9acb3581a0be":{"text":"C\u00e1c tr\u01b0\u1eddng n\u00e0o c\u1ee7a trang n\u00ean \u0111\u01b0\u1ee3c hi\u1ec3n tr\u1ecb trong ph\u1ea7n li\u1ec7t k\u00ea trang?"}}}