{"file":"wire\/modules\/Inputfield\/InputfieldPassword.module","textdomain":"wire--modules--inputfield--inputfieldpassword-module","translations":{"af214972865d03cc4eb63ed9f0b75554":{"text":"Thi\u1ebft l\u1eadp m\u1eadt kh\u1ea9u"},"f3e832d9160b5cec4cf70bd2b64a3d42":{"text":"M\u1eadt kh\u1ea9u c\u1ea7n c\u00f3 \u0111\u1ed9 d\u00e0i \u00edt nh\u1ea5t %d k\u00ed t\u1ef1 v\u00e0 ph\u1ea3i bao g\u1ed3m \u00edt nh\u1ea5t 1 k\u00ed t\u1ef1 v\u00e0 1 ch\u1eef s\u1ed1. M\u1eadt kh\u1ea9u kh\u00f4ng n\u00ean bao g\u1ed3m d\u1ea5u c\u00e1ch"},"f7041e0ed9a5ec4f287e354410e5546a":{"text":"(x\u00e1c nh\u1eadn)"},"2561160be68c86e35d76ad61a6b075f6":{"text":"M\u1eadt kh\u1ea9u kh\u00f4ng \u0111\u01b0\u1ee3c bao g\u1ed3m d\u1ea5u c\u00e1ch"},"01b0a98f830ff7741deeac3f4b6aac62":{"text":"M\u1eadt kh\u1ea9u kh\u00f4ng kh\u1edbp"},"daf321e9a5e0fd71f13f75f101cf1d9b":{"text":"\u0110\u1ed9 d\u00e0i m\u1eadt kh\u1ea9u kh\u00f4ng ph\u00f9 h\u1ee3p"},"1197c2b6d58b850d4382fa71e9b5903e":{"text":"M\u1eadt kh\u1ea9u ph\u1ea3i bao g\u1ed3m \u00edt nh\u1ea5t 1 k\u00ed t\u1ef1 (a-z A-Z)"},"2c212d4820a187aaaa18ee636398bbf2":{"text":"M\u1eadt kh\u1ea9u ph\u1ea3i bao g\u1ed3m \u00edt nh\u1ea5t 1 ch\u1eef s\u1ed1 (0-9)"},"602549b24fae786e2bbc8483df4e5e99":{"text":"Ch\u01b0a \u0111i\u1ec1n m\u1eadt kh\u1ea9u c\u1ea7n thi\u1ebft"},"dc647eb65e6711e155375218212b3964":{"text":"M\u1eadt kh\u1ea9u"},"c627446d1f4b534dd3019f3a70be3c59":{"text":"Nh\u1eadp v\u0103n b\u1ea3n m\u1eadt kh\u1ea9u v\u00e0 tr\u01b0\u1eddng x\u00e1c nh\u1eadn, gi\u00e1 tr\u1ecb s\u1ebd kh\u00f4ng \u0111\u01b0\u1ee3c hi\u1ec3n th\u1ecb tr\u1edf l\u1ea1i."}}}