{"file":"wire\/modules\/Inputfield\/InputfieldText.module","textdomain":"wire--modules--inputfield--inputfieldtext-module","translations":{"3c5d93eab9cf5f9c46905bcf44e863af":{"text":"Kh\u00f4ng ph\u00f9 h\u1ee3p v\u1edbi ki\u1ec3u nh\u1eadp li\u1ec7u"},"6f6cb72d544962fa333e2e34ce64f719":{"text":"K\u00edch c\u1ee1"},"7fcc26bcb0e9d85b555592f97cde9539":{"text":"\u0110\u1ed9 r\u1ed9ng hi\u1ec3n th\u1ecb c\u1ee7a tr\u01b0\u1eddng (b\u1eb1ng k\u00ed t\u1ef1). Nh\u1eadp v\u00e0o 0 \u0111\u1ec3 s\u1eed d\u1ee5ng \u0111\u1ed9 r\u1ed9ng t\u1ed1i \u0111a."},"2eb8badec738786d01bb81d0ee6ab3c0":{"text":"\u0110\u1ed9 d\u00e0i l\u1edbn nh\u1ea5t"},"a4965347ff8523a66897b92fec81e04e":{"text":"\u0110\u1ed9 d\u00e0i l\u1edbn nh\u1ea5t (b\u1eb1ng k\u00ed t\u1ef1) \u0111\u01b0\u1ee3c ch\u1ea5p nh\u1eadn trong tr\u01b0\u1eddng n\u00e0y."},"0c576bc57cb2f57f4a2632d59599c26e":{"text":"X\u00f3a b\u1ecf c\u00e1c th\u1ebb (Strip Tags)"},"e79dbc99408f4949cb46ad5b73c7408a":{"text":"Khi ch\u1ecdn, c\u00e1c th\u1ebb HTML s\u1ebd b\u1ecb x\u00f3a kh\u1ecfi n\u1ed9i dung nh\u1eadp li\u1ec7u khi h\u1ec7 th\u1ed1ng x\u1eed l\u00ed bi\u1ec3u m\u1eabu."},"e69230ccdb60475aa38ea2c4cdc72ea0":{"text":"Vi\u1ec7c l\u00e0m n\u00e0y \u0111\u01b0\u1ee3c khuy\u1ebfn kh\u00edch \u0111\u1ed1i v\u1edbi c\u00e1c tr\u01b0\u1eddng kh\u00f4ng c\u1ea7n h\u1ed7 tr\u1ee3 HTML"},"6485c7641245873388f0170f472183c6":{"text":"D\u00f2ng v\u0103n b\u1ea3n m\u00f4 t\u1ea3"},"dc08a8f73b667ceb56b5a22449e41d3e":{"text":"C\u1ee5m t\u1eeb m\u00f4 t\u1ea3 tr\u01b0\u1eddng trong \u00f4 nh\u1eadp li\u1ec7u khi b\u1ecb b\u1ecf tr\u1ed1ng"},"57391192dfa1f247ad015a0fe2eca48e":{"text":"Ki\u1ec3u nh\u1eadp li\u1ec7u"},"6a5e3a3d3be1a3d27b96e1e378c31ad9":{"text":"Bi\u1ec3u th\u1ee9c ki\u1ec3m tra nh\u1eadp li\u1ec7u c\u00f3 ph\u00f9 h\u1ee3p kh\u00f4ng (regular expression). Bi\u1ec3u th\u1ee9c n\u00e0y s\u1ebd \u0111\u01b0\u1ee3c s\u1eed d\u1ee5ng trong c\u1ea3 h\u1ec7 th\u1ed1ng v\u00e0 tr\u00ean tr\u00ecnh duy\u1ec7t ng\u01b0\u1eddi d\u00f9ng. H\u00e3y ch\u1eafc ch\u1eafn cung c\u1ea5p m\u1ed9t v\u00ed d\u1ee5 s\u1eed d\u1ee5ng trong ph\u1ea7n m\u00f4 t\u1ea3."},"27615527f65d7d865a330397568fe263":{"text":"Xem c\u00e1c v\u00ed d\u1ee5 t\u1ea1i html5pattern.com \u0111\u1ec3 bi\u1ebft ho\u1eb7c t\u1ea1o c\u00e1c ki\u1ec3u bi\u1ec3u th\u1ee9c c\u00f3 th\u1ec3 d\u00f9ng."},"68adfe27201a615848e5da595ae9f690":{"text":"Gi\u00e1 tr\u1ecb ban \u0111\u1ea7u"},"c3924ea34ee91e9de3ff80493fce8527":{"text":"B\u1ea5t k\u1ef3 m\u1ed9t gi\u00e1 tr\u1ecb ban \u0111\u1ea7u\/m\u1eb7c \u0111\u1ecbnh"},"9dffbf69ffba8bc38bc4e01abf4b1675":{"text":"V\u0103n b\u1ea3n"},"03272093fac940815539048b032444ea":{"text":"Nh\u1eadp li\u1ec7u 1 d\u00f2ng v\u0103n b\u1ea3n"}}}