{"file":"wire\/modules\/Inputfield\/InputfieldCheckbox.module","textdomain":"wire--modules--inputfield--inputfieldcheckbox-module","translations":{"2b8f534fb1669b00aeefa701d92a6a4c":{"text":"Gi\u00e1 tr\u1ecb \u0111\u00e3 ch\u1ecdn"},"bdbaf837c2e8cab5eeaef3e1bcf32084":{"text":"Khi \u0111\u01b0\u1ee3c t\u1ed5 ch\u1ee9c v\u1edbi m\u1ed9t ki\u1ec3u gi\u00e1 tr\u1ecb kh\u00e1c h\u01a1n l\u00e0 \"1\", gi\u00e1 tr\u1ecb n\u00e0y s\u1ebd \u0111\u01b0\u1ee3c hi\u1ec3n th\u1ecb nh\u01b0 m\u1ed9t nh\u00e3n trong m\u1ee5c ch\u1ecdn."},"d8a01fab2cac915857b85bc332ec5393":{"text":"Gi\u00e1 tr\u1ecb l\u00fac ch\u01b0a ch\u1ecdn"},"371048ea93404f39d61ae613be3a0b36":{"text":"Gi\u00e1 tr\u1ecb n\u00e0y ch\u1ec9 hi\u1ec7n h\u1eefu trong ph\u1ea7n k\u1ebft qu\u1ea3, kh\u00f4ng ph\u1ea3i trong bi\u1ec3u m\u1eabu. B\u1ea1n n\u00ean \u0111\u1ec3 tr\u1ed1ng ph\u1ea7n n\u00e0y tr\u1eeb khi b\u1ea1n mu\u1ed1n ch\u1ec9 \u0111\u1ecbnh gi\u00e1 tr\u1ecb \u0111\u1eb7c bi\u1ec7t n\u00e0o \u0111\u00f3."},"4f8222964f9a317cef99dddc23a121bd":{"text":"\u00d4 ch\u1ecdn"},"9c5373f59e41806b9e3e6f204b184bdc":{"text":"M\u1ed9t \u00f4 ch\u1ecdn c\u00f3 th\u1ec3 ch\u1ecdn\/b\u1ecf ch\u1ecdn"}}}