{"file":"wire\/modules\/Process\/ProcessUser\/ProcessUser.module","textdomain":"wire--modules--process--processuser--processuser-module","translations":{"d04d81faf16d84bd95fab030a5bd3ad8":{"text":"C\u1ea7n ph\u1ea3i ch\u1ec9 \u0111\u1ecbnh vai tr\u00f2 kh\u00e1ch"},"1dae534355f564549697cc7da0eee7e7":{"text":"B\u1ea1n kh\u00f4ng th\u1ec3 x\u00f3a vai tr\u00f2 'ng\u01b0\u1eddi d\u00f9ng \u0111\u1eb7c bi\u1ec7t' tr\u00ean t\u00e0i kho\u1ea3n c\u1ee7a b\u1ea1n"},"a756ba771ff16a33ad921b8f017a7161":{"text":"B\u1ea1n kh\u00f4ng th\u1ec3 g\u00e1n vai tr\u00f2 'ng\u01b0\u1eddi d\u00f9ng \u0111\u1eb7c bi\u1ec7t'"},"f9aae5fda8d810a29f12d1e61b4ab25f":{"text":"Ng\u01b0\u1eddi d\u00f9ng"},"242e1deb2d082e524a63f255f9f08c11":{"text":"Qu\u1ea3n tr\u1ecb ng\u01b0\u1eddi d\u00f9ng h\u1ec7 th\u1ed1ng"}}}