{"file":"wire\/modules\/Inputfield\/InputfieldInteger.module","textdomain":"wire--modules--inputfield--inputfieldinteger-module","translations":{"342fcaf76020389954d449ceec0a8a80":{"text":"Nh\u1ecf nh\u1ea5t: %d"},"96f5f93890f61d6ff4c07e2883833d72":{"text":"L\u1edbn nh\u1ea5t: %d"},"0c0e287e49f997a4c41e23c7dd9245a7":{"text":"Gi\u00e1 tr\u1ecb \u0111\u00e3 v\u01b0\u1ee3t qu\u00e1 gi\u1edbi h\u1ea1n (nh\u1ecf nh\u1ea5t=%1$s, l\u1edbn nh\u1ea5t=%2$s"},"ddf1608e4f7def4fd584f806267255d4":{"text":"Ki\u1ec3u nh\u1eadp s\u1ed1"},"9dffbf69ffba8bc38bc4e01abf4b1675":{"text":"V\u0103n b\u1ea3n"},"edb082a8145b0705db7f2b843ed57471":{"text":"S\u1ed1 (HTML5)"},"339f8a8a3ec4255e3982690df6c764fc":{"text":"Ch\u1ecdn ki\u1ec3u s\u1ed1 s\u1ebd b\u1eadt m\u1ed9t v\u00e0i t\u00ednh n\u0103ng x\u00e1c nh\u1eadn d\u1eef li\u1ec7u tr\u00ean tr\u00ecnh duy\u1ec7t ng\u01b0\u1eddi d\u00f9ng, n\u1ebfu tr\u00ecnh duy\u1ec7t h\u1ed7 tr\u1ee3."},"702a538a7348a9e52b08913558867f70":{"text":"Gi\u00e1 tr\u1ecb nh\u1ecf nh\u1ea5t"},"e9aac774de6f4b2d481938ff2403e5a8":{"text":"Gi\u00e1 tr\u1ecb nh\u1ecf nh\u1ea5t \u0111\u01b0\u1ee3c ch\u1ea5p nh\u1eadn tr\u00ean tr\u01b0\u1eddng n\u00e0y. B\u1ecf tr\u1ed1ng \u0111\u1ec3 kh\u00f4ng gi\u1edbi h\u1ea1n."},"48b0ece3cdd23c3605c8d7ee617c43ca":{"text":"Gi\u00e1 tr\u1ecb l\u1edbn nh\u1ea5t"},"41f052267baa5d7342df9bad1b957733":{"text":"Gi\u00e1 tr\u1ecb l\u1edbn nh\u1ea5t \u0111\u01b0\u1ee3c ch\u1ea5p nh\u1eadn tr\u00ean tr\u01b0\u1eddng n\u00e0y. B\u1ecf tr\u1ed1ng \u0111\u1ec3 kh\u00f4ng gi\u1edbi h\u1ea1n."},"a0faef0851b4294c06f2b94bb1cb2044":{"text":"S\u1ed1 nguy\u00ean"},"15b920388c8c88882ae50ac7e68a52ad":{"text":"S\u1ed1 nguy\u00ean (\u00e2m hay d\u01b0\u01a1ng)"}}}