{"file":"wire\/modules\/Textformatter\/TextformatterEntities.module","textdomain":"wire--modules--textformatter--textformatterentities-module","translations":{"895d280780a54e8c5561dea1f6a4b34d":{"text":"HTML Entity Encoder (htmlspecialchars)"},"f34604edab8aa5bdc9e452d3e4693952":{"text":"M\u00e3 h\u00f3a c\u00e1c d\u1ea5u &, ', \", >, < b\u1eb1ng c\u00e1ch d\u00f9ng htmlspecicalchars(str, ENT_QUOTES). Khuy\u1ebfn kh\u00edch b\u1ea1n s\u1eed d\u1ee5ng trong c\u00e1c tr\u01b0\u1eddng nh\u1eadp li\u1ec7u v\u0103n b\u1ea3n\/\u0111o\u1ea1n v\u0103n b\u1ea3n, tr\u1eeb c\u00e1c tr\u01b0\u1eddng \u0111a ph\u01b0\u01a1ng ti\u1ec7n nh\u01b0 TinyMCE v\u00e0 Markdown."}}}