{"file":"wire\/modules\/Inputfield\/InputfieldName.module","textdomain":"wire--modules--inputfield--inputfieldname-module","translations":{"49ee3087348e8d44e1feda1917443987":{"text":"T\u00ean"},"05241f55e363027bb20f4669d784c28e":{"text":"B\u1ea5t k\u1ef3 k\u1ebft h\u1ee3p gi\u1eefa ch\u1eef c\u00e1i, ch\u1eef s\u1ed1 v\u00e0 g\u1ea1ch d\u01b0\u1edbi (kh\u00f4ng c\u00f3 d\u1ea5u c\u00e1ch) (a-z 0-9 _)"},"e5e43bcb90e7ae502c28ecb1089b3aa7":{"text":"Ph\u1ea7n nh\u1eadp li\u1ec7u \u0111\u01b0\u1ee3c x\u1eed l\u00ed nh\u01b0 tr\u01b0\u1eddng T\u00ean"}}}