{"file":"wire\/modules\/Fieldtype\/FieldtypeRepeater\/InputfieldRepeater.module","textdomain":"wire--modules--fieldtype--fieldtyperepeater--inputfieldrepeater-module","translations":{"f2a6c498fb90ee345d997f888fce3b18":{"text":"X\u00f3a"},"6b46ae48421828d9973deec5fa9aa0c3":{"text":"S\u1eafp x\u1ebfp"},"03c2e7e41ffc181a4e84080b4710e81e":{"text":"T\u1ea1o m\u1edbi"},"0774e163cd7df482edd2abd498189f8b":{"text":"Ch\u01b0a xu\u1ea5t b\u1ea3n"},"7264d8c26ac9671a31cd3eb3ddd4a447":{"text":"M\u1ee5c n\u00e0y s\u1ebd \u0111\u1ed5i th\u00e0nh ch\u1ec9nh s\u1eeda \u0111\u01b0\u1ee3c sau khi b\u1ea1n l\u01b0u."},"138103c4e1d9c846d0afd000e5b928c8":{"text":"Th\u00eam m\u1ee5c"},"d3b3350cb648f345b0a21a048df0cf45":{"text":"B\u1ed9 l\u1eb7p"},"25c63396ad92c7bbb48fa4aa21adc5e4":{"text":"L\u1eb7p c\u00e1c tr\u01b0\u1eddng t\u1eeb m\u1eabu kh\u00e1c. Cung c\u1ea5p ph\u01b0\u01a1ng th\u1ee9c nh\u1eadp li\u1ec7u cho FieldttypeRepeater"}}}