{"file":"wire\/modules\/Jquery\/JqueryWireTabs\/JqueryWireTabs.module","textdomain":"wire--modules--jquery--jquerywiretabs--jquerywiretabs-module","translations":{"4778324acb050ad87cef45324610ff81":{"text":"Ph\u1ee5 ki\u1ec7n jQuery Wire Tabs"},"9fdc49adcef1b65060a39f7a096d09e2":{"text":"Cung c\u1ea5p c\u00e1ch t\u1ea1o c\u00e1c th\u1ebb tab d\u00f9ng trong h\u1ec7 th\u1ed1ng"},"d9f813a897729ef85bdc36fe6f9bc91a":{"text":"Nh\u1edb v\u1ecb tr\u00ed th\u1ebb gi\u1eefa c\u00e1c y\u00eau c\u1ea7u?"},"6e7b34fa59e1bd229b207892956dc41c":{"text":"Kh\u00f4ng bao gi\u1edd"},"3f8dfcf012a1f2c00ebbe7cc3fe0f265":{"text":"Ch\u1ec9 sau khi g\u1eedi \u0111i"},"68eec46437c384d8dad18d5464ebc35c":{"text":"Lu\u00f4n lu\u00f4n"}}}