{"file":"wire\/modules\/Inputfield\/InputfieldHidden.module","textdomain":"wire--modules--inputfield--inputfieldhidden-module","translations":{"689202409e48743b914713f96d93947c":{"text":"Gi\u00e1 tr\u1ecb"},"1758cb96bcb06c04bd244697d51ed7dd":{"text":"Gi\u00e1 tr\u1ecb hi\u1ec3n th\u1ecb tr\u00ean tr\u01b0\u1eddng \u1ea9n n\u00e0y."},"7acdf85c69cc3c5305456a293524386e":{"text":"Tr\u01b0\u1eddng \u1ea8n"},"82a84988fe9847b174ab13ccd822f53c":{"text":"Gi\u00e1 tr\u1ecb \u1ea9n trong m\u1ed9t bi\u1ec3u m\u1eabu"}}}