{"file":"wire\/modules\/Inputfield\/InputfieldCheckboxes\/InputfieldCheckboxes.module","textdomain":"wire--modules--inputfield--inputfieldcheckboxes--inputfieldcheckboxes-module","translations":{"d3f3236393ce7a48198cde99acaed365":{"text":"S\u1ed1 c\u1ed9t c\u1ee7a c\u00e1c \u00f4 ch\u1ecdn"},"50bad9e0658dd79a35545ebcd18f92ac":{"text":"N\u1ebfu b\u1ea1n mu\u1ed1n c\u00e1c \u00f4 ch\u1ecdn hi\u1ec3n th\u1ecb theo c\u00e1c c\u1ed9t (h\u01a1n l\u00e0 x\u1ebfp n\u1ed1i nhau), nh\u1eadp s\u1ed1 c\u1ed9t m\u00e0 b\u1ea1n mu\u1ed1n d\u00f9ng (gi\u1edbi h\u1ea1n 10). \u0110\u1ec3 hi\u1ec3n th\u1ecb c\u00e1c \u00f4 ch\u1ecdn tr\u00ean 1 d\u00f2ng c\u1ea1nh nhau, nh\u1eadp v\u00e0o 1."},"c425f296c6b905c91fb3f6da1a1702b6":{"text":"C\u00e1c \u00f4 ch\u1ecdn"},"632ae34b804c1914c3a51af327a3379d":{"text":"T\u00f9y ch\u1ecdn nhi\u1ec1u \u00f4 ch\u1ecdn"}}}