{"file":"wire\/modules\/Process\/ProcessLogin\/ProcessLogin.module","textdomain":"wire--modules--process--processlogin--processlogin-module","translations":{"5048eab3b6b17142d965cf9d43f6e460":{"text":"B\u1ea1n \u0111\u00e3 \u0111\u0103ng nh\u1eadp."},"a0bfb8e59e6c13fc8d990781f77694fe":{"text":"Ti\u1ebfp t\u1ee5c"},"847549ae30061a6767a4b17c6fb4f53c":{"text":"\u0110\u00e3 \u0111\u0103ng nh\u1eadp th\u00e0nh c\u00f4ng"},"48649d8c2d04aa439d10bc45eaba8f75":{"text":"\u0110\u0103ng nh\u1eadp l\u1ed7i"},"646d9e77201093e05380ead006df9975":{"text":"L\u1ed7i an to\u00e0n: %s t\u1ed3n t\u1ea1i v\u00e0 c\u1ea7n x\u00f3a s\u1edbm nh\u1ea5t c\u00f3 th\u1ec3."},"f6039d44b29456b20f8f373155ae4973":{"text":"T\u00ean s\u1eed d\u1ee5ng"},"dc647eb65e6711e155375218212b3964":{"text":"M\u1eadt kh\u1ea9u"},"99dea78007133396a7b8ed70578ac6ae":{"text":"\u0110\u0103ng nh\u1eadp"},"d837cc5a72556c5e2abf4b9fe10ddef8":{"text":"\u0110\u0103ng nh\u1eadp"},"01a569ddc6cf67ddec2a683f0a5f5956":{"text":"Qu\u00ean m\u1eadt kh\u1ea9u?"},"0d5dfb1efbd4144f5e7c8d80df1d09f1":{"text":"B\u1ea1n \u0111\u00e3 tho\u00e1t kh\u1ecfi h\u1ec7 th\u1ed1ng"}}}