{"file":"wire\/modules\/Inputfield\/InputfieldDatetime\/InputfieldDatetime.module","textdomain":"wire--modules--inputfield--inputfielddatetime--inputfielddatetime-module","translations":{"b69f42ea4444ae5aa888b53cf6045710":{"text":"\/wire\/modules\/Jquery\/JqueryUI\/i18n\/jquery.ui.datepicker-vi.js"},"6f6cb72d544962fa333e2e34ce64f719":{"text":"K\u00edch c\u1ee1"},"49e0e66405106d4f9cf741207255476f":{"text":"\u0110\u1ed9 r\u1ed9ng hi\u1ec3n th\u1ecb c\u1ee7a tr\u01b0\u1eddng n\u00e0y (b\u1eb1ng k\u00ed t\u1ef1)."},"566235c7913fdded5a84d4578758515f":{"text":"M\u1ee5c ch\u1ecdn th\u1eddi gian"},"7962180f3333f0ccaa9e208cccaac049":{"text":"Kh\u00f4ng c\u00f3 m\u1ee5c ch\u1ecdn ng\u00e0y\/gi\u1edd"},"edcc19a354ad1b61e258b993a1ff09c4":{"text":"Ch\u1ecdn ng\u00e0y gi\u1edd b\u1eb1ng c\u00e1ch nh\u1ea5p ph\u00edm"},"aa547f01eea89a5b845b6db3870ba757":{"text":"Ch\u1ecdn ng\u00e0y gi\u1edd b\u1eb1ng c\u00e1ch tr\u1ecf chu\u1ed9t l\u00ean ph\u1ea7n nh\u1eadp li\u1ec7u"},"c3119c40400e0c55178bba8a9b8e36d8":{"text":"M\u1ee5c ch\u1ecdn ng\u00e0y lu\u00f4n hi\u1ec3n th\u1ecb (kh\u00f4ng hi\u1ec3n th\u1ecb m\u1ee5c ch\u1ecdn gi\u1edd)"},"c1a4d7df2061b105045dc92d2dff78f2":{"text":"Gi\u1edbi h\u1ea1n kho\u1ea3ng n\u0103m ch\u1ecdn"},"062e5153dad257d2a6a1560033719e9b":{"text":"Khi m\u1ee5c ch\u1ecdn ng\u00e0y \u0111\u01b0\u1ee3c d\u00f9ng, ph\u1ea7n n\u00e0y s\u1ebd l\u1ef1a ch\u1ecdn c\u00e1c n\u0103m trong kho\u1ea3ng gi\u1edbi h\u1ea1n v\u00e0 c\u1ed9ng th\u00eam 10 n\u0103m t\u1eeb n\u0103m hi\u1ec7n t\u1ea1i. \u0110\u1ec3 m\u1edf r\u1ed9ng ho\u1eb7c gi\u1ea3m s\u1ed1 n\u0103m, ch\u1ec9 \u0111\u1ecbnh s\u1ed1 n\u0103m tr\u01b0\u1edbc v\u00e0 sau (n\u0103m hi\u1ec7n t\u1ea1i) theo d\u1ea1ng: \"-30:+20\", ngh\u0129a l\u00e0 hi\u1ec7n 30 n\u0103m tr\u01b0\u1edbc v\u00e0 20 n\u0103m sau so v\u1edbi hi\u1ec7n t\u1ea1i."},"26fe23eafa82406bc0d0cd216a734d73":{"text":"M\u1eb7c \u0111\u1ecbnh khi kh\u00f4ng c\u00f3 gi\u00e1 tr\u1ecb n\u00e0o l\u00e0 \"-10:+10\" ngh\u0129a l\u00e0 s\u1ebd hi\u1ec3n th\u1ecb 10 n\u0103m tr\u01b0\u1edbc v\u00e0 10 n\u0103m sau so v\u1edbi hi\u1ec7n t\u1ea1i."},"53e628836cd60f6dbb5fe56320f776ef":{"text":"\u0110\u1ecbnh d\u1ea1ng nh\u1eadp ng\u00e0y\/gi\u1edd"},"38322714c2bfe9eba81ea980714fd0a6":{"text":"\u0110\u1ecbnh d\u1ea1ng ng\u00e0y nh\u1eadp"},"7656e28d6e435ffecc453794149e6a0d":{"text":"L\u1ef1a ch\u1ecdn c\u00e1ch \u0111\u1ecbnh d\u1ea1ng \u0111\u1ec3 ng\u01b0\u1eddi d\u00f9ng nh\u1eadp li\u1ec7u v\u00e0o tr\u01b0\u1eddng. L\u1ef1a ch\u1ecdn c\u1ee7a b\u1ea1n s\u1ebd \u0111\u1ecbnh d\u1ea1ng tr\u01b0\u1eddng \u1edf d\u01b0\u1edbi, b\u1ea1n c\u00f3 th\u1ec3 \u0111i\u1ec1u ch\u1ec9nh n\u1ebfu th\u1ea5y c\u1ea7n."},"6adf97f83acf6453d4a6a4b1070f3754":{"text":"Kh\u00f4ng c\u00f3"},"91c0a51785efc109b0fdb5d710a2656e":{"text":"\u0110\u1ecbnh d\u1ea1ng nh\u1eadp th\u1eddi gian"},"44d9d932f51a771c8c76c2dc6ff57e1f":{"text":"L\u1ef1a ch\u1ecdn c\u00e1ch \u0111\u1ecbnh d\u1ea1ng \u0111\u1ec3 ng\u01b0\u1eddi d\u00f9ng nh\u1eadp th\u1eddi gian v\u00e0o tr\u01b0\u1eddng. N\u1ebfu \u0111\u01b0\u1ee3c d\u00f9ng, t\u00f9y ch\u1ecdn c\u1ee7a l\u1ecbch s\u1ebd bao g\u1ed3m c\u1ea3 ph\u1ea7n ch\u1ecdn th\u1eddi gian"},"4dc865ad9218b271e212f2656a4415e4":{"text":"M\u00e3 \u0111\u1ecbnh d\u1ea1ng ng\u00e0y"},"20f706119fa58d0787ea397d413bf1e0":{"text":"Ph\u1ea7n n\u00e0y s\u1ebd t\u1ef1 \u0111\u1ed9ng \u0111\u01b0\u1ee3c t\u1ea1o t\u00f9y c\u00e1ch b\u1ea1n ch\u1ec9nh \u1edf tr\u00ean, tr\u1eeb khi b\u1ea1n mu\u1ed1n thay \u0111\u1ed5i n\u00f3."},"e87ce06927649f8cdfff9e27c4ac8e3d":{"text":"Xem th\u00f4ng tin trong h\u00e0m c\u1ee7a PHP date() \u0111\u1ec3 bi\u1ebft c\u00e1ch tinh ch\u1ec9nh c\u00e1c \u0111\u1ecbnh d\u1ea1ng."},"3668c3ec43f4b401c6de009e3abb73f9":{"text":"B\u1ea1n c\u0169ng c\u00f3 th\u1ec3 ch\u1ec9 \u0111\u1ecbnh t\u00f9y \u00fd \u0111\u1ecbnh d\u1ea1ng cho c\u00e1c ng\u00f4n ng\u1eef kh\u00e1c \u1edf \u0111\u00e2y. B\u1ea5t k\u1ef3 ng\u00f4n ng\u1eef n\u00e0o \u0111\u1ec3 tr\u1ed1ng s\u1ebd th\u1eeba k\u1ebf c\u00e1c thi\u1ebft l\u1eadp m\u1eb7c \u0111\u1ecbnh."},"b3641a0b694cd7a82856611ce58d4979":{"text":"M\u00e3 \u0111\u1ecbnh d\u1ea1ng nh\u1eadp th\u1eddi gian"},"3dd984b18a5880f9279e17ff2e53a5de":{"text":"Ph\u1ea7n n\u00e0y s\u1ebd t\u1ef1 \u0111\u1ed9ng \u0111\u01b0\u1ee3c t\u1ea1o t\u00f9y c\u00e1ch b\u1ea1n ch\u1ec9nh \u1edf tr\u00ean, tr\u1eeb khi b\u1ea1n mu\u1ed1n thay \u0111\u1ed5i n\u00f3."},"be7e95b42b8aff2713adf794a2eb666b":{"text":"M\u1eb7c \u0111\u1ecbnh tr\u1ecf v\u1ec1 ng\u00e0y h\u00f4m nay?"},"1feebee2f4ca4af215e8b47f37695f99":{"text":"N\u1ebfu ch\u1ecdn c\u00e1c tr\u01b0\u1eddng hi\u1ec3n th\u1ecb ng\u00e0y s\u1ebd tr\u1ea3 v\u1ec1 ng\u00e0y hi\u1ec7n t\u1ea1i n\u1ebfu kh\u00f4ng c\u00f3 gi\u00e1 tr\u1ecb n\u00e0o \u0111\u01b0\u1ee3c nh\u1eadp."},"6485c7641245873388f0170f472183c6":{"text":"D\u00f2ng v\u0103n b\u1ea3n m\u00f4 t\u1ea3"},"70bf9b371944c2d5b1adf809a356f607":{"text":"D\u00f2ng ch\u1eef m\u00f4 t\u1ea3 hi\u1ec3n th\u1ecb khi tr\u01b0\u1eddng b\u1ecb b\u1ecf tr\u1ed1ng"},"a1af5f0718bfae275ce162362d0e43c5":{"text":"Ng\u00e0y gi\u1edd"},"d27357121209bd712604d8af46cd2460":{"text":"Tr\u01b0\u1eddng nh\u1eadp th\u00f4ng tin ng\u00e0y gi\u1edd"}}}