{"file":"wire\/modules\/Fieldtype\/FieldtypeComments\/CommentForm.php","textdomain":"wire--modules--fieldtype--fieldtypecomments--commentform-php","translations":{"6f207f8b5dfe1eebac63467930df5189":{"text":"h3"},"55db28530640e9fb41ebf71ea8afce72":{"text":"G\u1eedi b\u00ecnh lu\u1eadn"},"a3676fa92ee7acc9486a220da4580c7e":{"text":"Th\u00f4ng tin \u0111\u00e3 \u0111\u01b0\u1ee3c l\u01b0u, c\u1ea3m \u01a1n b\u1ea1n."},"5443970b690d94d32a481cac5cf31cb6":{"text":"B\u00ecnh lu\u1eadn c\u1ee7a b\u1ea1n s\u1ebd \u0111\u01b0\u1ee3c g\u1eedi l\u00ean v\u00e0 s\u1ebd xu\u1ea5t hi\u1ec7n khi \u0111\u01b0\u1ee3c qu\u1ea3n tr\u1ecb vi\u00ean th\u00f4ng qua."},"af54d31f765138998bf8d2903d4095ce":{"text":"Th\u00f4ng tin b\u1ea1n g\u1eedi l\u00ean ch\u01b0a \u0111\u01b0\u1ee3c l\u01b0u do g\u1eb7p m\u1ed9t ho\u1eb7c nhi\u1ec1u l\u1ed7i. H\u00e3y ki\u1ec3m tra l\u1ea1i b\u1ea1n \u0111\u00e3 ho\u00e0n t\u1ea5t c\u00e1c tr\u01b0\u1eddng tr\u01b0\u1edbc khi g\u1eedi l\u1ea1i."},"614cffa523202658a898e34a5d94d05e":{"text":"T\u00ean c\u1ee7a b\u1ea1n"},"cd5b60538fc5fdd7a7280d67e4a12089":{"text":"\u0110\u1ecba ch\u1ec9 Email"},"f359c2373cfa104cd9be66f79047deb5":{"text":"\u0110\u1ecba ch\u1ec9 website"},"8413c683b4b27cc3f4dbd4c90329d8ba":{"text":"N\u1ed9i dung b\u00ecnh lu\u1eadn"},"a4d3b161ce1309df1c4e25df28694b7b":{"text":"G\u1eedi l\u00ean"}}}