{"file":"wire\/modules\/Inputfield\/InputfieldPageTitle\/InputfieldPageTitle.module","textdomain":"wire--modules--inputfield--inputfieldpagetitle--inputfieldpagetitle-module","translations":{"2864512e4161ae21b145798e32938abf":{"text":"Ti\u00eau \u0111\u1ec1 trang"},"dc643f0a55e724a742f7bcc43fa5b84e":{"text":"X\u1eed l\u00ed th\u00f4ng tin nh\u1eadp v\u00e0o c\u1ee7a ti\u00eau \u0111\u1ec1 trang v\u00e0 t\u1ef1 \u0111\u1ed9ng sinh th\u00e0nh t\u00ean trang (khi t\u00ean b\u1ecb b\u1ecf tr\u1ed1ng)"}}}