{"file":"wire\/modules\/Process\/ProcessPageSearch\/ProcessPageSearch.module","textdomain":"wire--modules--process--processpagesearch--processpagesearch-module","translations":{"2c44229630ad7e2758a89bd14435a31b":{"text":"Ch\u01b0a ch\u1ec9 \u0111\u1ecbnh t\u00ecm ki\u1ebfm"},"f802f85dd1eb6a1b3fb0591c682807e9":{"text":"T\u00ecm ki\u1ebfm trong c\u00e1c tr\u01b0\u1eddng:"},"52b9d143876d2754dd01be52587b1de8":{"text":"Ph\u01b0\u01a1ng th\u1ee9c t\u00ecm:"},"75ecaaafd1f677d07360709be6528768":{"text":"T\u00ecm ki\u1ebfm theo:"},"9e230fa5487a0172264f31c0a1b08b61":{"text":"Gi\u1edbi h\u1ea1n m\u1eabu:"},"6f9d01a14011f05fffe48559583fc609":{"text":"S\u1eafp x\u1ebfp theo:"},"fa4e2f0cea3ceef82c840df64fecb9e4":{"text":"S\u1eafp x\u1ebfp ng\u01b0\u1ee3c l\u1ea1i"},"1e9c565e43a1f652a2718003bbad887e":{"text":"Hi\u1ec3n th\u1ecb c\u00e1c tr\u01b0\u1eddng:"},"b4805a9af05d82889758dda70003cfc6":{"text":"T\u00f9y ch\u1ecdn t\u00ecm ki\u1ebfm"},"9b6545e4cea9b4ad4979d41bb9170e2b":{"text":"\u0110\u1eb7c th\u00f9"},"29e9d8e295b1d5b3002d2d3d5baa4c37":{"text":"\u0110\u01b0\u1eddng t\u1eaft"},"de95b43bceeb4b998aed4aed5cef1ae7":{"text":"s\u1eeda"},"0ccb67e7eaae09d9e4078d161eeca100":{"text":"B\u1eb1ng"},"3255c386f4276b5c66f12d216ec71906":{"text":"Kh\u00f4ng b\u1eb1ng"},"05824b7be006782aaefd1fdb97c71e06":{"text":"L\u1edbn h\u01a1n"},"798fe01fcb2754a295b6937ed885a69a":{"text":"L\u1edbn h\u01a1n ho\u1eb7c b\u1eb1ng"},"ad647e4ae904c7ed54ee93040d8298c7":{"text":"Nh\u1ecf h\u01a1n"},"28d1141142e2cbb29e657b69a044ddf4":{"text":"Nh\u1ecf h\u01a1n ho\u1eb7c b\u1eb1ng"},"45fc43a01c15bc63159695441dfacd63":{"text":"Bao g\u1ed3m c\u1ee5m t\u1eeb ho\u1eb7c t\u1eeb \u0111\u01a1n"},"e44edbd140708c448e991cde9d8dc0b2":{"text":"Bao g\u1ed3m c\u1ee5m t\u1eeb\/t\u1eeb s\u1eed d\u1ee5ng LIKE"},"593e63d42f95f6ad96cf700f80c2fe2c":{"text":"Bao g\u1ed3m t\u1ea5t c\u1ea3 c\u00e1c t\u1eeb"},"4ecb0055aa1e66535afeaf6093585618":{"text":"T\u00ecm ki\u1ebfm"},"d27c07f4c0dd15e39cedd91c19cb279f":{"text":"T\u00ecm"},"4b315bff8c7b70281de8ffffbd150708":{"text":"T\u1eeb kh\u00f3a t\u00ecm ki\u1ebfm"},"1da914fe3f639d8b3d977a006d2b0c69":{"text":"T\u00ecm th\u1ea5y %1$d trang s\u1eed d\u1ee5ng ph\u01b0\u01a1ng th\u1ee9c ch\u1ecdn: %2$s"},"dc87414810d43e27f63b89feabadc943":{"text":"T\u00ecm th\u1ea5y %1$d trang s\u1eed d\u1ee5ng ph\u01b0\u01a1ng th\u1ee9c ch\u1ecdn: %2$s"}}}