{"file":"wire\/modules\/Inputfield\/InputfieldPage\/InputfieldPage.module","textdomain":"wire--modules--inputfield--inputfieldpage--inputfieldpage-module","translations":{"6dc3e540b29f68e1eaf558b6a2edd476":{"text":"Nh\u1eadp v\u00e0o ti\u00eau \u0111\u1ec1 c\u1ee7a c\u00e1c m\u1ee5c b\u1ea1n mu\u1ed1n th\u00eam, m\u1ed7i m\u1ee5c tr\u00ean 1 d\u00f2ng. Ch\u00fang s\u1ebd \u0111\u01b0\u1ee3c t\u1ea1o v\u00e0 th\u00eam v\u00e0o danh s\u00e1ch l\u1ef1a ch\u1ecdn khi b\u1ea1n l\u01b0u trang."},"b82b34c94588fc88ca4a6b18f5e18aef":{"text":"Nh\u1eadp ti\u00eau \u0111\u1ec1 c\u1ee7a m\u1ee5c b\u1ea1n mu\u1ed1n th\u00eam v\u00e0o, m\u1ee5c \u0111\u00f3 s\u1ebd \u0111\u01b0\u1ee3c ch\u1ecdn khi b\u1ea1n l\u01b0u trang."},"e3cada644043c81e6ff21250f2e53f3a":{"text":"C\u00e1c trang m\u1edbi s\u1ebd \u0111\u01b0\u1ee3c th\u00eam v\u00e0o %s"},"49e5878c7a1901b0a9baae9e0c774150":{"text":"T\u1ea1o m\u1edbi"},"f0670991d41b78617ca7810b7ce334b9":{"text":"\u0110\u00e3 th\u00eam trang %s"},"29b43e0c70cb336d03f04f3f06a8789d":{"text":"L\u1ed7i t\u1ea1o trang \"%s\""},"81eeab9506186e2dca8faefa78d54067":{"text":"V\u00ed d\u1ee5:"},"6f8d1b93e4aad53511c85e29ed36b3d0":{"text":"(m\u1eb7c \u0111\u1ecbnh)"},"962f1366aaa6f1c636d3214e12322362":{"text":"C\u00e1c trang c\u00f3 th\u1ec3 ch\u1ecdn"},"21348aafc8733099a5b3c20e4a90e7b4":{"text":"Trang c\u1ea5p tr\u00ean c\u1ee7a c\u00e1c trang c\u00f3 th\u1ec3 ch\u1ecdn"},"5b0591013bf2cac5ee96f90e31a5b2e9":{"text":"Ch\u1ecdn trang c\u1ea5p tr\u00ean c\u1ee7a c\u00e1c trang c\u00f3 th\u1ec3 ch\u1ecdn"},"dceea0994df5640514b906a18a43810f":{"text":"M\u1eabu c\u1ee7a c\u00e1c trang c\u00f3 th\u1ec3 ch\u1ecdn"},"9f80067ff42d8e69d0c3a24b67ef4c85":{"text":"Ch\u1ecdn m\u1eabu c\u00e1c trang c\u00f3 th\u1ec3 ch\u1ecdn. C\u00f3 th\u1ec3 s\u1eed d\u1ee5ng thay th\u1ebf ho\u1eb7c th\u00eam v\u00e0o c\u00e1c trang c\u1ea5p tr\u00ean \u1edf tr\u00ean. Ch\u00fa \u00fd: kh\u00f4ng t\u01b0\u01a1ng th\u00edch v\u1edbi ki\u1ec3u tr\u01b0\u1eddng PageListSelect."},"53158583a607fba6e71f0f18d73a910b":{"text":"C\u00e1ch th\u1ee9c t\u00ecm c\u00e1c trang c\u00f3 th\u1ec3 ch\u1ecdn"},"6ad160329dd81f9ecede290bffe93928":{"text":"N\u1ebfu b\u1ea1n mu\u1ed1n t\u00ecm c\u00e1c trang c\u00f3 th\u1ec3 ch\u1ecdn \u0111\u01b0\u1ee3c b\u1eb1ng c\u00e1ch s\u1eed d\u1ee5ng c\u00e1ch th\u1ee9c t\u00ecm c\u1ee7a h\u1ec7 th\u1ed1ng h\u01a1n l\u00e0 ch\u1ecdn m\u1ed9t trang c\u1ea5p tr\u00ean ho\u1eb7c m\u1eabu (\u1edf tr\u00ean), h\u00e3y nh\u1eadp c\u00e1ch ch\u1ecdn \u0111\u1ec3 t\u00ecm c\u00e1c trang c\u00f3 th\u1ec3 ch\u1ecdn \u0111\u01b0\u1ee3c. C\u00e1ch th\u1ee9c ch\u1ecdn n\u00e0y s\u1ebd \u0111\u01b0\u1ee3c truy\u1ec1n v\u00e0o $pages->find(\"c\u00e1ch-th\u1ee9c-ch\u1ecdn\"). Ch\u00fa \u00fd: hi\u1ec7n t\u1ea1i kh\u00f4ng t\u01b0\u01a1ng th\u00edch v\u1edbi tr\u01b0\u1eddng nh\u1eadp PageListSelect."},"1920ec4f46fd3f4962d351c84f69cf7e":{"text":"V\u00ed d\u1ee5: parent=\/products\/, template=product, sort=name"},"d04c6c77608855a3ff0fb3ee32a2cd53":{"text":"M\u00e3 PHP \u0111\u1ec3 t\u00ecm c\u00e1c trang ch\u1ecdn c\u00f3 th\u1ec3 ch\u1ecdn"},"5b2e8722316eee4b8e200d6d07b51915":{"text":"N\u1ebfu b\u1ea1n mu\u1ed1n t\u00ecm c\u00e1c trang c\u00f3 th\u1ec3 ch\u1ecdn b\u1eb1ng c\u00e1ch d\u00f9ng m\u00e3 PHP h\u01a1n l\u00e0 l\u1ef1a ch\u1ecdn trang c\u1ea5p tr\u00ean ho\u1eb7c m\u1eabu (\u1edf tr\u00ean) h\u00e3y nh\u1eadp m\u00e3 \u0111\u1ec3 t\u00ecm ki\u1ebfm c\u00e1c trang c\u00f3 th\u1ec3 l\u1ef1a ch\u1ecdn. C\u00e2u l\u1ec7nh n\u00e0y c\u00f3 th\u1ec3 truy c\u1eadp \u0111\u1ebfn API $page v\u00e0 $pages, trong \u0111\u00f3 $page ch\u1ec9 \u0111\u1ebfn trang \u0111ang \u0111\u01b0\u1ee3c ch\u1ec9nh s\u1eeda.  C\u00e2u l\u1ec7nh c\u00f3 th\u1ec3 tr\u1ea3 v\u1ec1 PageArray ho\u1eb7c NULL. S\u1eed d\u1ee5ng c\u00e1ch n\u00e0y l\u00e0 kh\u00f4ng b\u1eaft bu\u1ed9c, n\u1ebfu \u0111\u01b0\u1ee3c d\u00f9ng s\u1ebd ghi \u0111\u00e8 l\u00ean c\u00e1c trang c\u1ea5p tr\u00ean\/m\u1eabu\/ph\u01b0\u01a1ng th\u1ee9c t\u00ecm c\u00e1c tr\u01b0\u1eddng \u1edf tr\u00ean. Ch\u00fa \u00fd: kh\u00f4ng t\u01b0\u01a1ng th\u00edch v\u1edbi PageListSelect ho\u1eb7c tr\u01b0\u1eddng t\u1ef1 \u0111\u1ed9ng ho\u00e0n th\u00e0nh."},"bb990f9776c28444dad4fa48fb2c946c":{"text":"Nh\u00e3n c\u1ee7a tr\u01b0\u1eddng"},"e5c1791ec6a73eed5d8a7002e2799470":{"text":"Ch\u1ecdn c\u00e1c tr\u01b0\u1eddng c\u1ee7a trang b\u1ea1n mu\u1ed1n d\u00f9ng \u0111\u1ec3 sinh th\u00e0nh c\u00e1c nh\u00e3n cho m\u1ed7i trang"},"881b1a7b97bc4d70099cc59a53e8a8e5":{"text":"Ki\u1ec3u tr\u01b0\u1eddng"},"bcf331523fb730639bde7c2e8fc4f811":{"text":"Ki\u1ec3u c\u1ee7a tr\u01b0\u1eddng s\u1ebd \u0111\u01b0\u1ee3c d\u00f9ng \u0111\u1ec3 ch\u1ecdn 1 trang. Ch\u1ecdn 1 ph\u00f9 h\u1ee3p v\u1edbi trang \u0111\u01a1n ho\u1eb7c nhi\u1ec1u-trang c\u1ea5n b\u1ea1n ch\u1ecdn trong ph\u1ea7n \"chi ti\u1ebft\" c\u1ee7a tr\u01b0\u1eddng n\u00e0y."},"195a66e99428447940ac989366724b42":{"text":"C\u00e1c ki\u1ec3u ch\u1ec9 \u0111\u1ecbnh c\u00f9ng v\u1edbi d\u1ea5u * l\u00e0 d\u00e0nh cho l\u1ef1a ch\u1ecdn nhi\u1ec1u trang"},"8332fcbd80839cdcc617bee49529ad1e":{"text":"Ch\u1ea5p nh\u1eadn c\u00e1c trang m\u1edbi \u0111\u01b0\u1ee3c t\u1ea1o t\u1eeb tr\u01b0\u1eddng?"},"20463a1675fc256b438538124524746a":{"text":"N\u1ebfu ch\u1ecdn, m\u1ed9t t\u00f9y ch\u1ecdn \u0111\u1ec3 th\u00eam trang s\u1ebd \u0111\u01b0\u1ee3c hi\u1ec7n g\u00ec n\u1ebfu c\u00e1c y\u00eau c\u1ea7u cho ch\u1ec9 \u0111\u1ecbnh \u0111\u1ea7y \u0111\u1ee7."},"7673446b991c59998763308c9f7f5d53":{"text":"1. C\u1ea3 trang c\u1ea5p tr\u00ean v\u00e0 m\u1eabu \u0111\u1ec1u \u0111\u01b0\u1ee3c ch\u1ecdn \u1edf tr\u00ean."},"65a208c6491dac4a6fb17f7a62f76658":{"text":"2. Ng\u01b0\u1eddi d\u00f9ng ch\u1ec9nh s\u1eeda c\u00f3 quy\u1ec1n truy c\u1eadp \u0111\u1ec3 t\u1ea1o\/xu\u1ea5t b\u1ea3n c\u00e1c trang n\u00e0y."},"aa2e4d260721b3a7e2776b8cb9c19fdf":{"text":"3. Nh\u00e3n c\u1ee7a tr\u01b0\u1eddng ph\u1ea3i \u0111\u01b0\u1ee3c ghi l\u00e0 \"ti\u00eau \u0111\u1ec1 (m\u1eb7c \u0111\u1ecbnh)\"."},"d9a5927aa49f1a766a15e692b69c1c91":{"text":"M\u00f4-\u0111un tr\u01b0\u1eddng nh\u1eadp li\u1ec7u ph\u1ea3i c\u00f3 hi\u1ec7u l\u1ef1c v\u1edbi l\u1ef1a ch\u1ecdn c\u00e1c trang"},"d5a1e1e864827e2bbb99d144e30359de":{"text":"Ch\u1ecdn c\u00e1c m\u00f4-\u0111un tr\u01b0\u1eddng nh\u1eadp li\u1ec7u c\u00f3 th\u1ec3 d\u00f9ng cho l\u1ef1a ch\u1ecdn trang. C\u00e1c tr\u01b0\u1eddng n\u00e0y c\u01a1 b\u1ea3n l\u00e0 c\u00e1c tr\u01b0\u1eddng nh\u1eadp li\u1ec7u cho ph\u00e9p b\u1ea1n ch\u1ecdn m\u1ed9t ho\u1eb7c nhi\u1ec1u l\u1ef1a ch\u1ecdn."}}}