{"file":"wire\/modules\/Inputfield\/InputfieldPageListSelect\/InputfieldPageListSelectMultiple.module","textdomain":"wire--modules--inputfield--inputfieldpagelistselect--inputfieldpagelistselectmultiple-module","translations":{"417c313c31381894998d5fa72eac82c8":{"text":"Kh\u00f4ng th\u1ec3 x\u1eed l\u00ed hi\u1ec3n th\u1ecb tr\u01b0\u1eddng n\u00e0y v\u00ec thi\u1ebfu thi\u1ebft l\u1eadp trang c\u1ea5p tr\u00ean trong thi\u1ebft l\u1eadp tr\u01b0\u1eddng d\u1eef li\u1ec7u"},"ec211f7c20af43e742bf2570c3cb84f9":{"text":"Th\u00eam"},"fae5139ea4669e57a1e1d43da734b60d":{"text":"\u0110a ch\u1ecdn danh s\u00e1ch trang"},"3677aac44cf40763444008a08a7e33aa":{"text":"Ch\u1ecdn nhi\u1ec1u trang t\u1eeb danh s\u00e1ch trang \u0111\u01b0\u1ee3c li\u1ec7t k\u00ea trong c\u00e2y v\u0103n b\u1ea3n"}}}