{"file":"wire\/modules\/Fieldtype\/FieldtypeRepeater\/FieldtypeRepeater.module","textdomain":"wire--modules--fieldtype--fieldtyperepeater--fieldtyperepeater-module","translations":{"5719e7cb7b73c9e6a4b7f3f49b9fd805":{"text":"H\u00e3y th\u00eam c\u00e1c tr\u01b0\u1eddng v\u00e0o b\u1ed9 l\u1eb7p n\u00e0y trong th\u1ebb \"chi ti\u1ebft\"."},"f41ae5ce37aeed3613288bb8c0cc3489":{"text":"X\u00e1c \u0111\u1ecbnh c\u00e1c tr\u01b0\u1eddng \u0111\u01b0\u1ee3c d\u00f9ng b\u1edfi b\u1ed9 l\u1eb7p n\u00e0y. B\u1ea1n c\u0169ng c\u00f3 th\u1ec3 g\u1eafp v\u00e0 th\u1ea3 c\u00e1c tr\u01b0\u1eddng \u0111\u1ec3 s\u1eafp x\u1ebfp theo \u00fd m\u00ecnh."},"6daa35fd97a645b8e37cae080eab3de9":{"text":"Th\u00eam tr\u01b0\u1eddng"},"028dbbda0ea85c6b4ff5f2c9b38495de":{"text":"C\u00e1c m\u1ee5c l\u1eb7p m\u1edbi s\u1eb5n s\u00e0ng ch\u1ec9nh s\u1eeda"},"903d3f840b615b110dd712afd0132f5f":{"text":"S\u1ed1 c\u00e1c m\u1ee5c s\u1eb5n s\u00e0ng \u0111\u1ec3 ch\u1ec9nh s\u1eeda (ch\u01b0a xu\u1ea5t b\u1ea3n) m\u1ed7i trang \u0111\u1ec3 \u0111\u01b0\u1ee3c x\u1eed l\u00ed hi\u1ec3n th\u1ecb s\u1eed d\u1ee5ng nh\u01b0 c\u00e1c m\u1ee5c m\u1edbi."},"e7fa825f7b362804c946096d4856f5ab":{"text":"N\u1ebfu ch\u1ecdn 0, c\u00e1c m\u1ee5c m\u1edbi ch\u1ec9 \u0111\u01b0\u1ee3c t\u1ea1o khi c\u1ea7n. \u0110\u00e2y l\u00e0 m\u1ed9t t\u00f9y ch\u1ecdn t\u1ed1i \u01b0u nh\u1ea5t."},"0130612d3e112f71601647fe1201aeda":{"text":"N\u1ebfu ch\u1ecdn 1 ho\u1eb7c l\u1edbn h\u01a1n, nhi\u1ec1u m\u1ee5c s\u1ebd \u0111\u01b0\u1ee3c s\u1eb5n s\u00e0ng \u0111\u1ec3 ch\u1ec9nh s\u1eeda ngay khi b\u1ea1n nh\u1ea5p ch\u1ecdn \"th\u00eam m\u1ee5c\". Vi\u1ec7c l\u00e0m n\u00e0y s\u1ebd gi\u00fap nh\u1eadp li\u1ec7u nhanh h\u01a1n."},"06f7e37d7cc093483d98d11772f75837":{"text":"S\u1ed1 l\u01b0\u1ee3ng m\u1ee5c l\u1eb7p t\u1ed1i \u0111a"},"9175b33ed3085ade32188d58a242e0bc":{"text":"S\u1ed1 l\u01b0\u1ee3ng m\u1ee5c l\u1eb7p t\u1ed1i \u0111a \u0111\u01b0\u1ee3c ch\u1ea5p nh\u1eadn."},"8db1e9fd86969c9e9ee4c09365c260a6":{"text":"N\u1ebfu ch\u1ecdn 0 t\u1ee9c s\u1ebd kh\u00f4ng c\u00f3 gi\u1edbi h\u1ea1n"},"f29a8c723be64c58c0e9f4cbd6c32a88":{"text":"N\u1ebfu ch\u1ecdn 1, tr\u01b0\u1eddng n\u00e0y s\u1ebd ho\u1ea1t \u0111\u1ed9ng nh\u01b0 m\u1ed9t m\u1ee5c duy nh\u1ea5t [Page] h\u01a1n l\u00e0 nhi\u1ec1u m\u1ee5c [PageArray]."},"66eb0d45c43394f51bdb0397febc5b4f":{"text":"Ghi nh\u1edb r\u1eb1ng khi outputFormatting t\u1eaft, n\u00f3 s\u1ebd lu\u00f4n \u0111\u01b0\u1ee3c \u1ee9ng x\u1eed nh\u01b0 l\u00e0 PageArray b\u1ea5t k\u1ec3 t\u00f9y ch\u1ecdn \u1edf tr\u00ean th\u1ebf n\u00e0o."},"8c50c81f9df1bb1d4bc5689f9a6e7204":{"text":"Ki\u1ec3u l\u1eb7p"},"cb1f0ec5795fd6ab9a2e980b428cfff5":{"text":"Khi g\u1eafn, b\u1ed9 l\u1eb7p s\u1ebd t\u1ef1 qu\u1ea3n l\u00fd ri\u00eang m\u1eabu c\u1ee7a n\u00f3 v\u00e0 trang c\u1ea5p tr\u00ean m\u00e0 kh\u00f4ng c\u1ea7n b\u1ea1n ph\u1ea3i xem hay ngh\u0129 v\u1ec1 n\u00f3."},"e3d6af2ddc6a90779dd75a3f9c753d7f":{"text":"Khi th\u00e1o, b\u1ea1n c\u00f3 th\u1ec3 di chuy\u1ec3n v\u00e0 s\u1eeda \u0111\u1ed5i trang c\u1ea5p tr\u00ean v\u00e0 m\u1eabu c\u1ee7a b\u1ed9 l\u1eb7p theo \u00fd mu\u1ed1n."},"77e23d8e1ff8e93bfc6e188f62e409bd":{"text":"Ghi ch\u00fa: m\u1ed9t khi \u0111\u00e3 th\u00e1o, h\u1ec7 th\u1ed1ng s\u1ebd kh\u00f4ng x\u00f3a trang c\u1ea5p tr\u00ean hay m\u1eabu n\u1ebfu tr\u01b0\u1eddng b\u1ecb x\u00f3a."},"1f8c0e21410e1c136bf780fc141b35ae":{"text":"\u0110\u00e3 th\u00eam tr\u01b0\u1eddng \"%1$s\" v\u00e0o b\u1ed9 l\u1eb7p \"%2$s\""},"f54c2540ded6390c6328b2838850482d":{"text":"\u0110\u00e3 x\u00f3a tr\u01b0\u1eddng \"%1$s\" t\u1eeb b\u1ed9 l\u1eb7p \"%2$s\""},"0fe1cc90d79ebfffb11a259cc05d406d":{"text":"Trang c\u1ea5p tr\u00ean %s \u0111\u00e3 b\u1ecb th\u00e1o v\u00e0 \u0111\u00e3 c\u00f3 th\u1ec3 \u0111\u01b0\u1ee3c di chuy\u1ec3n hay s\u1eeda \u0111\u1ed5i."},"d3b3350cb648f345b0a21a048df0cf45":{"text":"B\u1ed9 l\u1eb7p"},"64137776d10ddf89ff3087915287b872":{"text":"H\u1ed7 tr\u1ee3 x\u1eed l\u00ed m\u1ed9t t\u1eadp h\u1ee3p c\u00e1c tr\u01b0\u1eddng c\u1ea7n l\u1eb7p l\u1ea1i nhi\u1ec1u l\u1ea7n"},"c58bb8dd26051c3ba65914f16c51f0b7":{"text":"C\u00e1c tr\u01b0\u1eddng l\u1eb7p"}}}