{"file":"wire\/core\/Fieldtype.php","textdomain":"wire--core--fieldtype-php","translations":{"a528ac2d2f326703f458dec14cba03e5":{"text":"T\u1ef1 \u0111\u1ed9ng gh\u00e9p"},"2af316156c9ea64d6d56bfe221486efd":{"text":"N\u1ebfu b\u1eadt l\u1ef1a ch\u1ecdn, tr\u01b0\u1eddng n\u00e0y s\u1ebd \u0111\u01b0\u1ee3c t\u1ea3i \u1edf m\u1ecdi trang b\u1ea5t k\u1ec3 \u0111\u01b0\u1ee3c d\u00f9ng \u1edf \u0111\u00e2u. N\u1ebfu t\u1eaft l\u1ef1a ch\u1ecdn, d\u1eef li\u1ec7u c\u1ee7a tr\u01b0\u1eddng n\u00e0y ch\u1ec9 t\u1ea3i khi c\u1ea7n v\u00e0 ch\u1ec9 khi tr\u01b0\u1eddng \u0111\u01b0\u1ee3c ch\u1ec9 \u0111\u1ecbnh truy c\u1eadp."},"4cc6684df7b4a92b1dec6fce3264fac8":{"text":"To\u00e0n c\u1ee5c"},"ad1bc8634063998074151ecfaaf2e6a1":{"text":"N\u1ebfu b\u1eadt, t\u1ea5t c\u1ea3 trang s\u1ebd c\u1ea7n ph\u1ea3i d\u00f9ng tr\u01b0\u1eddng n\u00e0y. \u0110\u1ed3ng th\u1eddi h\u1ec7 th\u1ed1ng s\u1ebd th\u00eam tr\u01b0\u1eddng n\u00e0y v\u00e0o b\u1ea5t k\u1ef3 nh\u00f3m tr\u01b0\u1eddng\/m\u1eabu n\u00e0o ch\u01b0a t\u1ed3n t\u1ea1i tr\u01b0\u1eddng n\u00e0y. Tuy nhi\u00ean, kh\u00f4ng c\u00f3 ngh\u0129a tr\u01b0\u1eddng n\u00e0y b\u1eaft bu\u1ed9c ch\u1ec9 \u0111\u1ecbnh m\u1ed9t gi\u00e1 tr\u1ecb, n\u00f3 ch\u1ec9 ch\u1ec9 \u0111\u1ecbnh tr\u01b0\u1eddng n\u00e0y c\u00f3 th\u1ec3 bi\u00ean t\u1eadp t\u1ed3n t\u1ea1i \u1edf t\u1ea5t c\u1ea3 c\u00e1c trang."}}}