{"file":"wire\/modules\/Process\/ProcessForgotPassword.module","textdomain":"wire--modules--process--processforgotpassword-module","translations":{"6072e83b7f35887c76e64920bd370f4a":{"text":"Kh\u1edfi t\u1ea1o l\u1ea1i m\u1eadt kh\u1ea9u"},"168b9e356db803204c123e0445ef83f4":{"text":"Kh\u00f4ng \u0111\u01b0\u1ee3c ph\u00e9p kh\u1edfi t\u1ea1o m\u1eadt kh\u1ea9u"},"b49caf114ce87eeb21267f29e9a62420":{"text":"Kh\u00f4ng th\u1ec3 ho\u00e0n t\u1ea5t vi\u1ec7c kh\u1edfi t\u1ea1o l\u1ea1i m\u1eadt kh\u1ea9u. H\u00e3y ch\u1eafc ch\u1eafn l\u00e0 b\u1ea1n \u0111ang d\u00f9ng c\u00f9ng m\u1ed9t m\u00e1y t\u00ednh v\u00e0 c\u00f9ng m\u1ed9t tr\u00ecnh duy\u1ec7t web m\u00e0 b\u1ea1n g\u1eedi th\u00f4ng tin l\u00ean h\u1ec7 th\u1ed1ng."},"0b4c14f8c878ec465ab8aaab81b46132":{"text":"H\u00e3y nh\u1eadp v\u00e0o t\u00ean s\u1eed d\u1ee5ng ho\u1eb7c \u0111\u1ecba ch\u1ec9 email c\u1ee7a b\u1ea1n"},"dcfc149491f06edb3e6942510b6fc339":{"text":"N\u1ebfu nh\u01b0 b\u1ea1n c\u00f3 t\u00e0i kho\u1ea3n trong h\u1ec7 th\u1ed1ng v\u1edbi m\u1ed9t \u0111\u1ecba ch\u1ec9 email h\u1ee3p l\u1ec7, h\u1ec7 th\u1ed1ng s\u1ebd g\u1eedi th\u01b0 \u0111\u1ebfn h\u1ed9p th\u01b0 c\u1ee7a b\u1ea1n. Th\u01b0 \u0111\u00f3 s\u1ebd g\u1ed3m m\u1ed9t li\u00ean k\u1ebft \u0111\u1ec3 b\u1ea1n kh\u1edfi t\u1ea1o l\u1ea1i m\u1eadt kh\u1ea9u."},"edcc4a7ecb7854d0ea84fff05b5eeb3e":{"text":"T\u00e0i kho\u1ea3n c\u1ee7a b\u1ea1n c\u00f3 trong h\u1ec7 th\u1ed1ng v\u00e0 th\u01b0 kh\u1edfi t\u1ea1o l\u1ea1i m\u1eadt kh\u1ea9u \u0111\u00e3 \u0111\u01b0\u1ee3c g\u1eedi \u0111i."},"43da6233b07fcc59791c3f91861ab7b5":{"text":"B\u1ea1n h\u00e3y ki\u1ec3m tra h\u1ed9p th\u01b0 \u0111\u1ec3 ho\u00e0n th\u00e0nh vi\u1ec7c kh\u1edfi t\u1ea1o l\u1ea1i m\u1eadt kh\u1ea9u. N\u1ebfu th\u01b0 kh\u00f4ng \u0111\u1ebfn trong v\u00f2ng 15 ph\u00fat, h\u00e3y li\u00ean h\u1ec7 qu\u1ea3n tr\u1ecb vi\u00ean \u0111\u1ec3 gi\u00fap b\u1ea1n kh\u1edfi t\u1ea1o l\u1ea1i m\u1eadt kh\u1ea9u. Li\u00ean k\u1ebft kh\u1edfi t\u1ea1o l\u1ea1i m\u1eadt kh\u1ea9u ch\u1ec9 c\u00f3 hi\u1ec7u l\u1ef1c trong 60 ph\u00fat. \u0110\u1eebng \u0111\u00f3ng c\u1eeda s\u1ed5 n\u00e0y tr\u1eeb khi b\u1ea1n \u0111\u00e3 ho\u00e0n t\u1ea5t vi\u1ec7c c\u00e0i \u0111\u1eb7t l\u1ea1i m\u1eadt kh\u1ea9u."},"333b348fd95607678f8a9a333cc7b7b4":{"text":"Th\u00f4ng tin kh\u1edfi t\u1ea1o l\u1ea1i m\u1eadt kh\u1ea9u"},"6d14491a1718796766f2775f857af701":{"text":"\u0110\u1ec3 ho\u00e0n t\u1ea5t vi\u1ec7c kh\u1edfi t\u1ea1o l\u1ea1i m\u1eadt kh\u1ea9u, nh\u1ea5p chu\u1ed9t v\u00e0o li\u00ean k\u1ebft \u1edf d\u01b0\u1edbi (ho\u1eb7c copy v\u00e0 d\u00e1n v\u00e0o tr\u00ecnh duy\u1ec7t) sau \u0111\u00f3 th\u1ef1c hi\u1ec7n theo c\u00e1c b\u01b0\u1edbc h\u01b0\u1edbng d\u1eabn:"},"20a05da67e6b4eedd01409fb5ca365e7":{"text":"Li\u00ean k\u1ebft n\u00e0y s\u1ebd h\u1ebft hi\u1ec7u l\u1ef1c trong 60 ph\u00fat t\u00ednh t\u1eeb l\u00fac th\u01b0 \u0111\u01b0\u1ee3c g\u1eedi \u0111i. Li\u00ean k\u1ebft ph\u1ea3i \u0111\u01b0\u1ee3c m\u1edf t\u1eeb c\u00f9ng m\u1ed9t m\u00e1y t\u00ednh v\u00e0 tr\u00ecnh duy\u1ec7t \u0111\u00e3 d\u00f9ng \u0111\u1ec3 g\u1eedi th\u00f4ng tin tr\u01b0\u1edbc \u0111\u00f3."},"3299941fe3475a594847754b9e91f3b7":{"text":"Y\u00eau c\u1ea7u kh\u1edfi t\u1ea1o l\u1ea1i kh\u00f4ng \u0111\u00fang. C\u00f3 th\u1ec3 y\u00eau c\u1ea7u n\u00e0y \u0111\u00e3 h\u1ebft hi\u1ec7u l\u1ef1c."},"a0bfb8e59e6c13fc8d990781f77694fe":{"text":"Ti\u1ebfp t\u1ee5c"},"f469dd0000597b66060ea51c52eacf58":{"text":"M\u1eadt kh\u1ea9u c\u1ee7a b\u1ea1n \u0111\u00e3 kh\u1edfi t\u1ea1o l\u1ea1i th\u00e0nh c\u00f4ng. B\u1ea1n c\u00f3 th\u1ec3 \u0111\u0103ng nh\u1eadp h\u1ec7 th\u1ed1ng ngay b\u00e2y gi\u1edd."},"9ec54ec336b65da6179cf750de33ecd7":{"text":"Qu\u00ean m\u1eadt kh\u1ea9u"},"e241608b636b6cdde53b70cb2ade0daf":{"text":"Cung c\u1ea5p kh\u1ea3 n\u0103ng l\u1ea5y l\u1ea1i m\u1eadt kh\u1ea9u qua email cho ti\u1ebfn tr\u00ecnh \u0111\u0103ng nh\u1eadp."}}}