{"file":"wire\/modules\/Process\/ProcessPageSort.module","textdomain":"wire--modules--process--processpagesort-module","translations":{"e2111cfa400d8efca8fff0bbc1a8f15b":{"text":"Thay \u0111\u1ed5i b\u1ea1n th\u1ef1c hi\u1ec7n ch\u01b0a \u0111\u01b0\u1ee3c l\u01b0u v\u00ec trang web \u0111ang \u1edf ch\u1ebf \u0111\u1ed9 ch\u1ea1y th\u1eed"},"0db87eb504b99fcf932f155d5da63a4c":{"text":"Ti\u1ebfn tr\u00ecnh n\u00e0y ch\u1ec9 c\u00f3 th\u1ec3 truy c\u1eadp qua ph\u01b0\u01a1ng th\u1ee9c POST"},"96f477ed9c2b2d81e6fc9c3cd2193529":{"text":"B\u1ea1n kh\u00f4ng c\u00f3 quy\u1ec1n \u0111\u1ec3 di chuy\u1ec3n c\u00e1c trang c\u1ea5p d\u01b0\u1edbi trang n\u00e0y"},"1c43008d48eb0ff1df5fc9087a7ccb8c":{"text":"B\u1ea1n kh\u00f4ng c\u00f3 quy\u1ec1n s\u1eafp x\u1ebfp c\u00e1c trang c\u1ea5p d\u01b0\u1edbi trang n\u00e0y"},"ddc332a75220e5e221857ffb04e8db6e":{"text":"S\u1ef1 s\u1eafp x\u1ebfp c\u1ee7a b\u1ea1n ch\u01b0a \u0111\u01b0\u1ee3c l\u01b0u v\u00ec c\u00e1c trang n\u00e0y \u0111\u00e3 thi\u1ebft l\u1eadp t\u1ef1 \u0111\u1ed9ng s\u1eafp x\u1ebfp theo %s."},"4ffa47ba7e31d108826e5575f3a2e113":{"text":"S\u1eafp x\u1ebfp v\u00e0 di chuy\u1ec3n trang"},"584e7df02885888b1b91adca6fa16c20":{"text":"X\u1eed l\u00ed s\u1eafp x\u1ebfp v\u00e0 di chuy\u1ec3n trang cho PageList"}}}