{"file":"wire\/modules\/Process\/ProcessPageEditImageSelect\/ProcessPageEditImageSelect.module","textdomain":"wire--modules--process--processpageeditimageselect--processpageeditimageselect-module","translations":{"5d13ae1a65403891ac0fe044f3acc865":{"text":"Hi\u1ec7n kh\u00f4ng c\u00f3 tr\u01b0\u1eddng \u0111\u1ec3 l\u1ef1a ch\u1ecdn \u1ea3nh tr\u00ean trang n\u00e0y. H\u00e3y ch\u1ecdn trang kh\u00e1c \u0111\u1ec3 l\u1ea5y \u1ea3nh v\u00e0 th\u00eam v\u00e0o trang hi\u1ec7n t\u1ea1i."},"64a201e91bd521f5640318d844920b31":{"text":"Hi\u1ec7n kh\u00f4ng c\u00f3 \u1ea3nh n\u00e0o hi\u1ec7n di\u1ec7n tr\u00ean trang n\u00e0y. H\u00e3y \u0111\u00f3ng c\u1eeda s\u1ed5 n\u00e0y v\u00e0 t\u1ea3i \u1ea3nh l\u00ean, ho\u1eb7c ch\u1ecdn \u1ea3nh t\u1eeb trang kh\u00e1c."},"83ea3ed3245ed2ce30aabecdc6b4d354":{"text":"C\u00e1c \u1ea3nh tr\u00ean Trang:"},"48448404ecc9e95975b334dbe421c0bd":{"text":"N\u1ebfu nh\u01b0 b\u1ea1n mu\u1ed1n l\u1ea5y \u1ea3nh t\u1eeb c\u00e1c trang kh\u00e1c, ch\u1ecdn trang \u1edf d\u01b0\u1edbi \u0111\u00e2y."},"48ccf48dcf2218a413ce473262f21a0c":{"text":"\u0110\u1ed9 r\u1ed9ng:"},"e933dc24fb245d863a43b4fefe9b45f5":{"text":"\u0110\u1ed9 cao:"},"9178792605ed21e1641c9b2a2e16a721":{"text":"B\u1ea1n c\u0169ng c\u00f3 th\u1ec3 nh\u1ea5p gi\u1eef v\u00e0 \u0111i\u1ec1u ch\u1ec9nh g\u00f3c c\u1ee7a \u1ea3nh \u0111\u1ec3 ch\u1ec9nh l\u1ea1i k\u00edch c\u1ee1 \u1ea3nh."},"e853a6aca1b442d161c2642e88346bf9":{"text":"Kh\u00f4ng canh l\u1ec1"},"811398cb1e49b4f45851cc25fcc6501f":{"text":"Canh l\u1ec1 tr\u00e1i"},"ad68675da1db2fb44a8d1cabcbbbb65e":{"text":"Canh l\u1ec1 ph\u1ea3i"},"e36098607b9dd3b6d7107a449b6a25bd":{"text":"Canh ch\u00ednh gi\u1eefa"},"d7e02762cdb4621a77388689b2ee53c0":{"text":"Li\u00ean k\u1ebft \u0111\u1ebfn \u1ea3nh l\u1edbn h\u01a1n?"},"63c7dee42e04e2757472031aa7164d81":{"text":"B\u1ecf qua thu\u1ed9c t\u00ednh \u0111\u1ed9 r\u1ed9ng v\u00e0 \u0111\u1ed9 cao tr\u00ean th\u1ebb \u1ea3nh?"},"5a8f9d5840811602e6806392ffef0523":{"text":"M\u1eb7c \u0111\u1ecbnh, m\u00f4-\u0111un n\u00e0y s\u1ebd bao g\u1ed3m thu\u1ed9c t\u00ednh chi\u1ec1u r\u1ed9ng v\u00e0 cao trong th\u1ebb <img>. N\u1ebfu nh\u01b0 b\u1ea1n \u0111ang d\u00f9ng c\u00e1c \u1ea3nh responsive, b\u1ea1n c\u00f3 th\u1ec3 mu\u1ed1n t\u1eaft c\u00e1ch x\u1eed l\u00ed n\u00e0y. H\u00e3y ch\u1ecdn \u00f4 ch\u1ecdn \u0111\u1ec3 t\u1eaft n\u1ebfu b\u1ea1n th\u1ea5y h\u1ee3p l\u00ed."},"9909fb0aacb4a219f4b3cb8f57f63a87":{"text":"Class canh l\u1ec1 tr\u00e1i"},"5e37ad68682589a77a924cdffb018f23":{"text":"Class canh l\u1ec1 ph\u1ea3i"},"9d2836f3ff372cd7964b90d118710202":{"text":"Class canh l\u1ec1 gi\u1eefa"}}}