{"file":"wire\/modules\/Process\/ProcessPageClone.module","textdomain":"wire--modules--process--processpageclone-module","translations":{"5fb63579fc981698f97d55bfecb213ea":{"text":"Sao ch\u00e9p"},"779e23d04b68b9515ffc345454994895":{"text":"Sao ch\u00e9p trang"},"0ac579c02e8d96b65a4bff917771b245":{"text":"Kh\u00f4ng th\u1ec3 t\u1ea3i trang"},"3311bb66a5349309e01c99050e744f0b":{"text":"Ti\u1ebfn tr\u00ecnh n\u00e0y s\u1ebd t\u1ea1o m\u1ed9t b\u1ea3n copy c\u1ee7a %s"},"59eeb47edc78526e0e13dc0dfa8f6b07":{"text":"Ti\u00eau \u0111\u1ec1 c\u1ee7a trang m\u1edbi"},"415d40999f28fef452f65616dabfc7a0":{"text":"Kh\u1edfi t\u1ea1o xong t\u1ea1m th\u1eddi ch\u01b0a xu\u1ea5t b\u1ea3n?"},"2627956e008c08b8affd8608d7980ff4":{"text":"N\u1ebfu ch\u1ecdn trang sao ch\u00e9p s\u1ebd \u0111\u01b0\u1ee3c ch\u1ec9 \u0111\u1ecbnh tr\u1ea1ng th\u00e1i ch\u01b0a xu\u1ea5t b\u1ea3n, nh\u1edd \u0111\u00f3 tr\u00ean website s\u1ebd t\u1ea1m th\u1eddi kh\u00f4ng hi\u1ec3n th\u1ecb trang n\u00e0y."},"5061c76f17ce15eb2a6092a51cb22aa3":{"text":"Sao ch\u00e9p c\u1ea3 c\u00e1c trang con?"},"a6c4c88eb6c7d256bf2e4aa56df4430f":{"text":"N\u1ebfu ch\u1ecdn, t\u1ea5t c\u1ea3 c\u00e1c trang con s\u1ebd \u0111\u01b0\u1ee3c sao ch\u00e9p v\u1edbi trang n\u00e0y."},"06170efdb0d3840cd32dea984d32067a":{"text":"Ch\u00fa \u00fd: n\u1ebfu nh\u01b0 \u0111\u00e2y l\u00e0 m\u1ed9t c\u1ea5u tr\u00fac trang ph\u1ee9c t\u1ea1p, h\u1ec7 th\u1ed1ng s\u1ebd t\u1ed1n th\u1eddi gian nhi\u1ec1u ho\u1eb7c c\u00f3 th\u1ec3 kh\u00f4ng ho\u00e0n to\u00e0n th\u00e0nh c\u00f4ng."},"6a26ee7a6d1234006bf3806ee697f7d0":{"text":"Kh\u00f4ng th\u1ec3 sao trang %s"},"a53383ccbc1435fbbe9b2454dd11deb8":{"text":"T\u00ean '%s' \u0111\u00e3 \u0111\u01b0\u1ee3c s\u1eed d\u1ee5ng, do v\u1eady m\u1ed9t t\u00ean kh\u00e1c \u0111\u00e3 \u0111\u01b0\u1ee3c g\u00e1n t\u1ef1 \u0111\u1ed9ng."},"7e263f9f6a65e1126c6a599ea015a27c":{"text":"\u0110\u00e3 sao trang \"%1$s\" \u0111\u1ebfn \"%2$s\""},"366637b8eb1e99b85f6d6535e326a491":{"text":"Sao ch\u00e9p trang"},"fae7550bf964aa09e51752b154a6cb23":{"text":"Cung c\u1ea5p kh\u1ea3 n\u0103ng \u0111\u1ec3 sao ch\u00e9p c\u00e1c trang. Th\u00eam m\u1ed9t l\u1ef1a ch\u1ecdn \"sao ch\u00e9p\" \u0111\u1ebfn t\u1ea5t c\u1ea3 c\u00e1c trang trong danh s\u00e1ch trang."},"0a198ede7ab46185f2e9fb2a3628419b":{"text":"(b\u1ea3n sao)"},"884ba0e5457b084e152567fd52b66f6c":{"text":"(b\u1ea3n sao %d)"}}}